CREATE DATABASE  IF NOT EXISTS `cuahangsach` /*!40100 DEFAULT CHARACTER SET utf8mb4 COLLATE utf8mb4_0900_ai_ci */ /*!80016 DEFAULT ENCRYPTION='N' */;
USE `cuahangsach`;
-- MySQL dump 10.13  Distrib 8.0.33, for Win64 (x86_64)
--
-- Host: 127.0.0.1    Database: cuahangsach
-- ------------------------------------------------------
-- Server version	8.0.33

/*!40101 SET @OLD_CHARACTER_SET_CLIENT=@@CHARACTER_SET_CLIENT */;
/*!40101 SET @OLD_CHARACTER_SET_RESULTS=@@CHARACTER_SET_RESULTS */;
/*!40101 SET @OLD_COLLATION_CONNECTION=@@COLLATION_CONNECTION */;
/*!50503 SET NAMES utf8 */;
/*!40103 SET @OLD_TIME_ZONE=@@TIME_ZONE */;
/*!40103 SET TIME_ZONE='+00:00' */;
/*!40014 SET @OLD_UNIQUE_CHECKS=@@UNIQUE_CHECKS, UNIQUE_CHECKS=0 */;
/*!40014 SET @OLD_FOREIGN_KEY_CHECKS=@@FOREIGN_KEY_CHECKS, FOREIGN_KEY_CHECKS=0 */;
/*!40101 SET @OLD_SQL_MODE=@@SQL_MODE, SQL_MODE='NO_AUTO_VALUE_ON_ZERO' */;
/*!40111 SET @OLD_SQL_NOTES=@@SQL_NOTES, SQL_NOTES=0 */;

--
-- Table structure for table `author`
--

DROP TABLE IF EXISTS `author`;
/*!40101 SET @saved_cs_client     = @@character_set_client */;
/*!50503 SET character_set_client = utf8mb4 */;
CREATE TABLE `author` (
  `id` int NOT NULL AUTO_INCREMENT,
  `name` varchar(50) NOT NULL,
  `description` varchar(250) DEFAULT NULL,
  `created_at` timestamp NULL DEFAULT CURRENT_TIMESTAMP,
  `updated_at` timestamp NULL DEFAULT CURRENT_TIMESTAMP ON UPDATE CURRENT_TIMESTAMP,
  PRIMARY KEY (`id`)
) ENGINE=InnoDB AUTO_INCREMENT=12 DEFAULT CHARSET=utf8mb4 COLLATE=utf8mb4_0900_ai_ci;
/*!40101 SET character_set_client = @saved_cs_client */;

--
-- Dumping data for table `author`
--

LOCK TABLES `author` WRITE;
/*!40000 ALTER TABLE `author` DISABLE KEYS */;
INSERT INTO `author` VALUES (1,'Tô Thanh','Tô Thanh','2023-12-01 01:17:49','2023-12-06 14:37:44'),(2,'Chiêu Dương','Chiêu Dương','2023-12-01 01:18:00','2023-12-01 01:18:00'),(3,'Đặng Nguyễn Đông Vy','Đặng Nguyễn Đông Vy','2023-12-01 01:18:10','2023-12-01 01:18:10'),(4,'Tô Hoài','Tô Hoài','2023-12-01 01:18:22','2023-12-01 01:18:22'),(9,'Phạm Thanh Hoa','Phạm Thanh Hoa','2023-12-13 13:30:23','2023-12-13 13:30:23'),(10,'Nguyễn Ngọc Huỳnh','Nguyễn Ngọc Huỳnh','2023-12-13 13:30:39','2023-12-13 13:30:39'),(11,'Chu Ân','Chu Ân','2023-12-14 13:05:33','2023-12-14 13:05:33');
/*!40000 ALTER TABLE `author` ENABLE KEYS */;
UNLOCK TABLES;

--
-- Table structure for table `category`
--

DROP TABLE IF EXISTS `category`;
/*!40101 SET @saved_cs_client     = @@character_set_client */;
/*!50503 SET character_set_client = utf8mb4 */;
CREATE TABLE `category` (
  `id` int NOT NULL AUTO_INCREMENT,
  `name` varchar(50) NOT NULL,
  `description` varchar(250) DEFAULT NULL,
  `created_at` timestamp NULL DEFAULT CURRENT_TIMESTAMP,
  `updated_at` timestamp NULL DEFAULT CURRENT_TIMESTAMP ON UPDATE CURRENT_TIMESTAMP,
  PRIMARY KEY (`id`)
) ENGINE=InnoDB AUTO_INCREMENT=15 DEFAULT CHARSET=utf8mb4 COLLATE=utf8mb4_0900_ai_ci;
/*!40101 SET character_set_client = @saved_cs_client */;

--
-- Dumping data for table `category`
--

LOCK TABLES `category` WRITE;
/*!40000 ALTER TABLE `category` DISABLE KEYS */;
INSERT INTO `category` VALUES (2,'Truyện Tranh','Truyện Tranh','2023-12-01 01:05:25','2023-12-13 13:18:31'),(3,'Kĩ Năng','Kĩ Năng','2023-12-01 01:05:35','2023-12-13 13:19:15'),(4,'Sách Giáo Khoa','Sách Giáo Khoa','2023-12-01 01:06:20','2023-12-01 01:06:20'),(5,'Kinh Tế','Kinh Tế','2023-12-01 01:06:44','2023-12-01 01:06:44'),(6,'Thiếu Nhi','Thiếu Nhi','2023-12-01 01:07:03','2023-12-01 01:07:03');
/*!40000 ALTER TABLE `category` ENABLE KEYS */;
UNLOCK TABLES;

--
-- Table structure for table `comment`
--

DROP TABLE IF EXISTS `comment`;
/*!40101 SET @saved_cs_client     = @@character_set_client */;
/*!50503 SET character_set_client = utf8mb4 */;
CREATE TABLE `comment` (
  `id` int NOT NULL AUTO_INCREMENT,
  `post_id` int DEFAULT NULL,
  `product_id` int DEFAULT NULL,
  `user_id` int DEFAULT NULL,
  `content` text,
  `created_at` timestamp NULL DEFAULT CURRENT_TIMESTAMP,
  `updated_at` timestamp NULL DEFAULT CURRENT_TIMESTAMP ON UPDATE CURRENT_TIMESTAMP,
  PRIMARY KEY (`id`),
  KEY `post_id` (`post_id`),
  KEY `user_id` (`user_id`),
  KEY `product_id` (`product_id`),
  CONSTRAINT `comment_ibfk_1` FOREIGN KEY (`post_id`) REFERENCES `post` (`id`),
  CONSTRAINT `comment_ibfk_2` FOREIGN KEY (`user_id`) REFERENCES `user` (`id`),
  CONSTRAINT `comment_ibfk_3` FOREIGN KEY (`product_id`) REFERENCES `product` (`id`)
) ENGINE=InnoDB DEFAULT CHARSET=utf8mb4 COLLATE=utf8mb4_0900_ai_ci;
/*!40101 SET character_set_client = @saved_cs_client */;

--
-- Dumping data for table `comment`
--

LOCK TABLES `comment` WRITE;
/*!40000 ALTER TABLE `comment` DISABLE KEYS */;
/*!40000 ALTER TABLE `comment` ENABLE KEYS */;
UNLOCK TABLES;

--
-- Table structure for table `discount`
--

DROP TABLE IF EXISTS `discount`;
/*!40101 SET @saved_cs_client     = @@character_set_client */;
/*!50503 SET character_set_client = utf8mb4 */;
CREATE TABLE `discount` (
  `id` int NOT NULL AUTO_INCREMENT,
  `name` varchar(50) NOT NULL,
  `reduce` varchar(50) DEFAULT NULL,
  `description` varchar(250) DEFAULT NULL,
  `created_at` timestamp NULL DEFAULT CURRENT_TIMESTAMP,
  `updated_at` timestamp NULL DEFAULT CURRENT_TIMESTAMP ON UPDATE CURRENT_TIMESTAMP,
  PRIMARY KEY (`id`)
) ENGINE=InnoDB AUTO_INCREMENT=9 DEFAULT CHARSET=utf8mb4 COLLATE=utf8mb4_0900_ai_ci;
/*!40101 SET character_set_client = @saved_cs_client */;

--
-- Dumping data for table `discount`
--

LOCK TABLES `discount` WRITE;
/*!40000 ALTER TABLE `discount` DISABLE KEYS */;
INSERT INTO `discount` VALUES (1,'Giả Giám 25%','25%','Giả Giám 25%','2023-12-05 07:46:15','2023-12-06 14:49:06'),(7,'Giảm Giá 30%','30%','Giảm Giá 30%','2023-12-18 02:12:17','2023-12-18 02:12:17'),(8,'Giảm Giá 35%','35%','Giảm Giá 35%','2023-12-18 02:12:30','2023-12-18 02:12:30');
/*!40000 ALTER TABLE `discount` ENABLE KEYS */;
UNLOCK TABLES;

--
-- Table structure for table `orders`
--

DROP TABLE IF EXISTS `orders`;
/*!40101 SET @saved_cs_client     = @@character_set_client */;
/*!50503 SET character_set_client = utf8mb4 */;
CREATE TABLE `orders` (
  `id` int NOT NULL AUTO_INCREMENT,
  `user_id` int DEFAULT NULL,
  `name` varchar(255) DEFAULT NULL,
  `lienhe` varchar(255) DEFAULT NULL,
  `total_amount` float DEFAULT NULL,
  `address` varchar(255) DEFAULT NULL,
  `status` varchar(255) DEFAULT NULL,
  `note` varchar(255) DEFAULT NULL,
  `payment` varchar(255) DEFAULT NULL,
  `created_at` timestamp NULL DEFAULT CURRENT_TIMESTAMP,
  `updated_at` timestamp NULL DEFAULT CURRENT_TIMESTAMP ON UPDATE CURRENT_TIMESTAMP,
  PRIMARY KEY (`id`),
  KEY `user_id` (`user_id`),
  CONSTRAINT `orders_ibfk_1` FOREIGN KEY (`user_id`) REFERENCES `user` (`id`)
) ENGINE=InnoDB AUTO_INCREMENT=21 DEFAULT CHARSET=utf8mb4 COLLATE=utf8mb4_0900_ai_ci;
/*!40101 SET character_set_client = @saved_cs_client */;

--
-- Dumping data for table `orders`
--

LOCK TABLES `orders` WRITE;
/*!40000 ALTER TABLE `orders` DISABLE KEYS */;
INSERT INTO `orders` VALUES (1,6,'Nguyễn Thái Bình','0396356693',238000,'Thái bình','Đã giao hàng','bình','Thanh toán khi giao hàng','2024-01-04 03:31:22','2024-01-05 07:14:51'),(2,6,'Nguyễn Thái Bình','0396356693',238000,'Thái bình','Đã giao hàng','bình','Thanh toán khi giao hàng','2024-01-04 03:32:39','2024-01-04 17:24:13'),(3,6,'Binhnguyen','0396356693',317000,'Phù Cừ','Đang giao hàng','danh','Thanh toán khi giao hàng','2024-01-04 03:34:17','2024-01-05 03:20:58'),(6,6,'Nguyễn Thái Bình','0396356693',150000,'Phù Cừ','Chưa giao hàng','asss','Thẻ tín dụng','2024-01-04 07:48:36','2024-01-04 07:48:35'),(7,6,'bình','0396356693',150000,'Phù Cừ','Đang giao hàng','danh','Ví điện tử','2024-01-04 09:33:10','2024-01-04 17:23:56'),(8,6,'binhg','0396356693',150000,'ahhag','Chưa giao hàng','okee','Thẻ tín dụng','2024-01-04 09:33:43','2024-01-04 09:33:43'),(11,6,'Danh Bùi','039283833',169000,'Phù Cừ','Chưa giao hàng','danh','Thanh toán khi giao hàng','2024-01-04 10:02:06','2024-01-04 10:02:06'),(12,6,'Binhnguyen','0396356693',1028000,'Thái bình','Chưa giao hàng','tú','Thanh toán khi giao hàng','2024-01-04 13:30:10','2024-01-04 13:30:10'),(13,6,'Quang Hậu','039632223',221000,'Hưng yên','Chưa giao hàng','hậu','Ví điện tử','2024-01-04 14:15:56','2024-01-04 14:15:55'),(14,6,'Phạm Văn Của','0392727732',1212000,'Kim Động','Đang giao hàng','của','Thanh toán khi giao hàng','2024-01-04 15:01:52','2024-01-04 17:24:40'),(15,6,'Của','028838322',165000,'Kim Động','Chưa giao hàng','của','Thanh toán khi giao hàng','2024-01-05 02:06:07','2024-01-05 02:06:07'),(16,7,'Văn Hiếu','0392727732',693000,'Khoái Châu','Chưa giao hàng','Hiếu','Ví điện tử','2024-01-05 02:26:45','2024-01-05 02:26:45'),(17,7,'Nguyễn Thái Bình','0396356693',420000,'Văn nhuế','Đang giao hàng','bình','Chuyển khoản','2024-01-05 03:20:31','2024-01-05 03:22:12'),(18,7,'Binhnguyen','0396356693',555000,'Kim Động','Chưa giao hàng','tú','Thanh toán khi giao hàng','2024-01-05 06:11:10','2024-01-05 06:11:09'),(19,7,'','',79000,'','Chưa giao hàng','','','2024-01-05 06:46:38','2024-01-05 06:46:38'),(20,7,'Binhnguyen','0392727732',300000,'Kim Động','Chưa giao hàng','tú','Thanh toán khi giao hàng','2024-01-05 07:08:16','2024-01-05 07:08:15');
/*!40000 ALTER TABLE `orders` ENABLE KEYS */;
UNLOCK TABLES;

--
-- Table structure for table `orders_details`
--

DROP TABLE IF EXISTS `orders_details`;
/*!40101 SET @saved_cs_client     = @@character_set_client */;
/*!50503 SET character_set_client = utf8mb4 */;
CREATE TABLE `orders_details` (
  `id` int NOT NULL AUTO_INCREMENT,
  `order_id` int DEFAULT NULL,
  `product_id` int DEFAULT NULL,
  `quantity` int DEFAULT NULL,
  `subtotal` float NOT NULL,
  `created_at` timestamp NULL DEFAULT CURRENT_TIMESTAMP,
  `updated_at` timestamp NULL DEFAULT CURRENT_TIMESTAMP ON UPDATE CURRENT_TIMESTAMP,
  PRIMARY KEY (`id`),
  KEY `order_id` (`order_id`),
  KEY `product_id` (`product_id`),
  CONSTRAINT `orders_details_ibfk_1` FOREIGN KEY (`order_id`) REFERENCES `orders` (`id`),
  CONSTRAINT `orders_details_ibfk_2` FOREIGN KEY (`product_id`) REFERENCES `product` (`id`)
) ENGINE=InnoDB AUTO_INCREMENT=37 DEFAULT CHARSET=utf8mb4 COLLATE=utf8mb4_0900_ai_ci;
/*!40101 SET character_set_client = @saved_cs_client */;

--
-- Dumping data for table `orders_details`
--

LOCK TABLES `orders_details` WRITE;
/*!40000 ALTER TABLE `orders_details` DISABLE KEYS */;
INSERT INTO `orders_details` VALUES (1,1,54,1,60000,'2024-01-04 03:31:22','2024-01-04 03:31:22'),(2,1,53,1,178000,'2024-01-04 03:31:22','2024-01-04 03:31:22'),(3,2,54,1,60000,'2024-01-04 03:32:39','2024-01-04 03:32:39'),(4,2,53,1,178000,'2024-01-04 03:32:39','2024-01-04 03:32:39'),(5,3,54,1,60000,'2024-01-04 03:34:17','2024-01-04 03:34:17'),(6,3,53,1,178000,'2024-01-04 03:34:17','2024-01-04 03:34:17'),(7,3,58,1,79000,'2024-01-04 03:34:17','2024-01-04 03:34:17'),(8,6,47,1,150000,'2024-01-04 07:48:36','2024-01-04 07:48:36'),(9,7,51,1,150000,'2024-01-04 09:33:10','2024-01-04 09:33:10'),(10,8,51,1,150000,'2024-01-04 09:33:43','2024-01-04 09:33:43'),(12,11,60,1,90000,'2024-01-04 10:02:06','2024-01-04 10:02:06'),(13,11,58,1,79000,'2024-01-04 10:02:06','2024-01-04 10:02:06'),(14,12,50,1,300000,'2024-01-04 13:30:11','2024-01-04 13:30:11'),(15,12,51,1,150000,'2024-01-04 13:30:11','2024-01-04 13:30:11'),(16,12,52,1,400000,'2024-01-04 13:30:11','2024-01-04 13:30:11'),(17,12,53,1,178000,'2024-01-04 13:30:11','2024-01-04 13:30:11'),(18,13,58,1,79000,'2024-01-04 14:15:56','2024-01-04 14:15:56'),(19,13,59,1,52000,'2024-01-04 14:15:56','2024-01-04 14:15:56'),(20,13,60,1,90000,'2024-01-04 14:15:56','2024-01-04 14:15:56'),(21,14,59,1,52000,'2024-01-04 15:01:52','2024-01-04 15:01:52'),(22,14,60,1,90000,'2024-01-04 15:01:52','2024-01-04 15:01:52'),(23,14,96,1,520000,'2024-01-04 15:01:52','2024-01-04 15:01:52'),(24,14,97,1,550000,'2024-01-04 15:01:52','2024-01-04 15:01:52'),(25,15,46,1,165000,'2024-01-05 02:06:07','2024-01-05 02:06:07'),(26,16,52,1,400000,'2024-01-05 02:26:45','2024-01-05 02:26:45'),(27,16,84,1,120000,'2024-01-05 02:26:45','2024-01-05 02:26:45'),(28,16,85,1,130000,'2024-01-05 02:26:45','2024-01-05 02:26:45'),(29,16,88,1,43000,'2024-01-05 02:26:45','2024-01-05 02:26:45'),(30,17,49,1,120000,'2024-01-05 03:20:31','2024-01-05 03:20:31'),(31,17,45,1,300000,'2024-01-05 03:20:31','2024-01-05 03:20:31'),(32,18,70,1,125000,'2024-01-05 06:11:10','2024-01-05 06:11:10'),(33,18,74,1,140000,'2024-01-05 06:11:10','2024-01-05 06:11:10'),(34,18,75,1,290000,'2024-01-05 06:11:10','2024-01-05 06:11:10'),(35,19,58,1,79000,'2024-01-05 06:46:38','2024-01-05 06:46:38'),(36,20,45,1,300000,'2024-01-05 07:08:16','2024-01-05 07:08:16');
/*!40000 ALTER TABLE `orders_details` ENABLE KEYS */;
UNLOCK TABLES;

--
-- Table structure for table `post`
--

DROP TABLE IF EXISTS `post`;
/*!40101 SET @saved_cs_client     = @@character_set_client */;
/*!50503 SET character_set_client = utf8mb4 */;
CREATE TABLE `post` (
  `id` int NOT NULL AUTO_INCREMENT,
  `title` varchar(255) NOT NULL,
  `image` varchar(255) DEFAULT NULL,
  `description` text,
  `content` text,
  `view` varchar(255) NOT NULL,
  `author` varchar(255) DEFAULT NULL,
  `postcategory_id` int DEFAULT NULL,
  `created_at` timestamp NULL DEFAULT CURRENT_TIMESTAMP,
  `updated_at` timestamp NULL DEFAULT CURRENT_TIMESTAMP ON UPDATE CURRENT_TIMESTAMP,
  PRIMARY KEY (`id`),
  KEY `postcategory_id` (`postcategory_id`),
  CONSTRAINT `post_ibfk_1` FOREIGN KEY (`postcategory_id`) REFERENCES `postcategory` (`id`)
) ENGINE=InnoDB AUTO_INCREMENT=9 DEFAULT CHARSET=utf8mb4 COLLATE=utf8mb4_0900_ai_ci;
/*!40101 SET character_set_client = @saved_cs_client */;

--
-- Dumping data for table `post`
--

LOCK TABLES `post` WRITE;
/*!40000 ALTER TABLE `post` DISABLE KEYS */;
INSERT INTO `post` VALUES (4,'Giới Thiệu Nhà Sách Phương Nam','upload/post/1702909502657-he-thong-nha-sach-phuong-nam.jpg','Giới Thiệu Nhà Sách Phương Nam','<p>Nhasachphuongnam.com là trang thương mại điện tử của <strong>Nhà Sách Phương Nam</strong>, hệ thống nhà sách thân thuộc của nhiều gia đình Việt kể từ nhà sách đầu tiên ra đời năm 1982 đến nay.&nbsp;&nbsp;</p><p>Đến với không gian mua sắm trực tuyến nhasachphuongnam.com, khách hàng có thể dễ dàng tìm thấy những cuốn sách hay, đa thể loại của nhiều nhà xuất bản, công ty sách trong và ngoài nước cùng nhiều dụng cụ học tập, văn phòng phẩm, quà lưu niệm, đồ chơi giáo dục chính hãng của những thương hiệu uy tín.&nbsp;Cùng tiêu chí không ngừng hoàn thiện, nâng cao chất lượng sản phẩm, dịch vụ, Nhà Sách Phương Nam cam kết mang đến cho khách hàng trải nghiệm mua sắm trực tuyến an toàn, tiện lợi: cách đặt hàng đơn giản, phương thức thanh toán đa dạng, dịch vụ chăm sóc khách hàng tận tình, chu đáo.&nbsp;</p><p><img src=\"http://nhasachphuongnam.com/images/he-thong-nha-sach-phuong-nam.jpg?1595926614414\" alt=\"\" width=\"1170\" height=\"878\"></p><p><strong>Danh mục hàng hóa phong phú, nhiều sản phẩm độc quyền, được chọn lọc kỹ càng đã tạo nên sự khác biệt của Nhà Sách Phương Nam và tạo dựng được lòng tin yêu từ khách hàng.</strong></p><p><img src=\"http://nhasachphuongnam.com/images/image/icon-cuon-sach.jpg?1595926251709\" alt=\"\" width=\"19\" height=\"19\"> <strong>Sách quốc văn</strong>: Ngoài danh mục sách đa dạng và phong phú của nhiều nhà xuất bản, công ty sách lớn nhỏ cả nước, Phương Nam còn chủ động khai thác bản quyền và liên kết xuất bản hàng ngàn đầu sách hay và giá trị với thương hiệu <strong>Phương Nam Book</strong>, trong đó nhiều tựa được đánh giá cao và lọt vào danh mục bán chạy của các hệ thống phát hành sách lớn nhất Việt Nam.<br><br><img src=\"http://nhasachphuongnam.com/images/image/icon-cuon-sach.jpg?1595926251709\" alt=\"\" width=\"19\" height=\"19\"> <strong>Sách ngoại văn</strong>: Nhà Sách Phương Nam chủ động chọn lọc và phát hành tại Việt Nam danh mục sách tiếng Anh đa dạng của những nhà xuất bản lớn trên thế giới như Penguin Random House, Hachette Livre, HarperCollins, Macmillan Publishers, Simon &amp; Schuster,… Nhiều tựa chỉ có duy nhất tại Nhà Sách Phương Nam, nhiều tựa được phát hành cùng thời điểm ra mắt của sách tại Anh và Mỹ.<br><br><img src=\"http://nhasachphuongnam.com/images/image/icon-cuon-sach.jpg?1595926251709\" alt=\"\" width=\"19\" height=\"19\"> <strong>Dụng cụ học tập, văn phòng phẩm, đồ chơi, quà lưu niệm</strong>…phong phú, chính hãng, có nguồn gốc xuất xứ rõ ràng, đến từ những thương hiệu lớn trong và ngoài nước. Ngoài ra, Nhà Sách Phương Nam thường xuyên cập nhật xu hướng để giới thiệu nhiều sản phẩm mới nhằm đáp ứng thị hiếu và nhu cầu của khách hàng.<br><br><img src=\"http://nhasachphuongnam.com/images/image/icon-cuon-sach.jpg?1595926251709\" alt=\"\" width=\"19\" height=\"19\"> <strong>Băng, đĩa</strong>: Với thương hiệu <strong>Phương Nam Phim</strong>, cái tên quen thuộc của nhiều người Việt với loạt phim Truyện Cổ Tích Việt Nam, Nhà Sách Phương Nam giới thiệu đến khách hàng nhiều băng đĩa nhạc của nhiều ca sĩ, nhạc sĩ nổi tiếng cùng danh mục phim điện ảnh, phim truyền hình được đông đảo khán giả yêu thích.<br><br>Hi vọng với trang thương mại điện tử nhasachphuongnam.com, Nhà Sách Phương Nam có thể gia tăng tiện ích cho khách hàng, đồng thời mang những sản phẩm của hệ thống nhà sách đến với mọi khách hàng trên cả nước.</p><p>Quý khách hàng có nhu cầu liên lạc, đóng góp ý kiến, phản hồi về sản phẩm dịch vụ của Nhà sách Phương Nam, vui lòng liên hệ:</p><p><img src=\"http://nhasachphuongnam.com/images/untitled%20folder/images.png?1607326546219\" alt=\"\" width=\"14\" height=\"14\">Hotline: <strong>1900 6656</strong></p><p><img src=\"http://nhasachphuongnam.com/images/emailllll.jpg?1595315983146\" alt=\"\" width=\"15\" height=\"15\"> Email:</p><p>- Yêu cầu hỗ trợ đơn hàng Online:&nbsp;<strong>hotro@nhasachphuongnam.com</strong></p><p>&nbsp;<br>- Gửi bản thảo, các vấn đề liên quan đến xuất bản:&nbsp;<strong>xuatban@phuongnambook.com</strong></p><p><img src=\"http://nhasachphuongnam.com/images/icon-nha.jpg?1595298953460\" alt=\"\" width=\"17\" height=\"17\"> Địa chỉ văn phòng công ty: Lầu 1, số 940 Đường 3/2, P.15, Q.11, TP. Hồ Chí Minh</p>','99','admin',2,'2023-12-18 14:25:02','2023-12-18 14:25:02'),(5,'Hệ Thống Nhà Sách Phương Nam','upload/post/1702909572044-he-thong-nha-sach-phuong-nam.jpg','Hệ Thống Nhà Sách Phương Nam','<figure class=\"table\"><table><tbody><tr><td><strong>STT</strong></td><td><strong>NHÀ SÁCH</strong></td><td><strong>ĐỊA CHỈ</strong></td><td><strong>EMAIL</strong></td><td><strong>SĐT CỐ ĐỊNH</strong></td><td><strong>SĐT THUÊ BAO</strong></td></tr><tr><td>&nbsp;</td><td><strong>HỒ CHÍ MINH</strong></td><td>&nbsp;</td><td>&nbsp;</td><td>&nbsp;</td><td>&nbsp;</td></tr><tr><td>1</td><td>Nhà Sách Phương Nam - Vincom Đồng Khởi</td><td>Tầng B2 - Vincom Center, 72 Lê Thánh Tôn, P. Bến Nghé, Q.1, TP. HCM</td><td><a href=\"mailto:nsvincomhcm@pnc.com.vn\">nsvincomhcm@pnc.com.vn</a></td><td>&nbsp;</td><td>0914 129 286</td></tr><tr><td>2</td><td>Nhà Sách Phương Nam - Saigon Centre</td><td>Tầng 4 - Saigon Centre, 65 Lê Lợi, P. Bến Nghé, Q.1, TP. HCM</td><td><a href=\"mailto:nsleloi@pnc.com.vn\">nsleloi@pnc.com.vn</a></td><td>028.3936 5006</td><td>0915 501 287</td></tr><tr><td>3</td><td>Nhà Sách Phương Nam - Đường sách TP. HCM</td><td>Gian M06-07 Nguyễn Văn Bình, P. Bến Nghé, Q.1, TP. HCM</td><td><a href=\"mailto:nsnguyenvanbinh@pnc.com.vn\">nsnguyenvanbinh@pnc.com.vn</a></td><td>0283 823 9939</td><td>0915 050 940</td></tr><tr><td>4</td><td>Phương Nam Book City - Saigon Center</td><td>212 Nguyễn Trãi, P. Phạm Ngũ Lão, Q.1, TP. HCM</td><td><a href=\"mailto:nsnguyentrai@pnc.com.vn\">nsnguyentrai@pnc.com.vn</a></td><td>&nbsp;</td><td>0919697736</td></tr><tr><td>5</td><td>Nhà Sách Phương Nam - Siêu Thị An Phú</td><td>Tầng 1 - Siêu Thị An Phú, 36 Thảo Điền, P. Thảo Điền, TP. Thủ Đức, TP. HCM</td><td><a href=\"mailto:nsanphu@pnc.com.vn\">nsanphu@pnc.com.vn</a></td><td>028 3744 6985</td><td>0915 501 280</td></tr><tr><td>6</td><td>Nhà Sách Phương Nam - Estella Place</td><td>Tầng 4 - Estella Place, 88 Song Hành, P. An Phú, TP. Thủ Đức, TP. HCM</td><td><a href=\"mailto:nsestella@pnc.com.vn\">nsestella@pnc.com.vn</a></td><td>&nbsp;</td><td>0915 501 249</td></tr><tr><td>7</td><td>Phương Nam Book City - Vạn Hạnh Mall</td><td>Tầng 3 - Vạn Hạnh Mall, 11 Sư Vạn Hạnh, P.12, Q.10, TP. HCM</td><td><a href=\"mailto:BookCityvanhanh@pnc.com.vn\">BookCityvanhanh@pnc.com.vn</a></td><td>&nbsp;</td><td>0888 023 688</td></tr><tr><td>8</td><td>Nhà Sách Phương Nam - Phú Thọ</td><td>940 Ba Tháng Hai, P.15, Q.11, TP. HCM</td><td><a href=\"mailto:nsphutho@pnc.com.vn\">nsphutho@pnc.com.vn</a></td><td>028 3864 4444</td><td>0915 501 214</td></tr><tr><td>9</td><td>Nhà Sách Phương Nam - Ba Tháng Hai</td><td>1275F Ba Tháng Hai, P.16, Q.11, TP. HCM</td><td><a href=\"mailto:ns3thang2@pnc.com.vn\">ns3thang2@pnc.com.vn</a></td><td>&nbsp;</td><td>091 510 5353</td></tr><tr><td>10</td><td>Nhà Sách Phương Nam - Co.opmart Rạch Miễu</td><td>Tầng 2 - Co.opmart, 48 Hoa Sứ, P.7, Q. Phú Nhuận, TP. HCM</td><td><a href=\"mailto:nsrachmieu@pnc.com.vn\">nsrachmieu@pnc.com.vn</a></td><td>028 3517 6521</td><td>0915 501 232</td></tr><tr><td>11</td><td>Nhà Sách Phương Nam - Vincom Cộng&nbsp;Hòa</td><td>Tầng trệt - Vincom Plaza , 15 – 17 Cộng Hòa, P.4 , Q. Tân Bình, TP. HCM</td><td><a href=\"mailto:nsconghoa@pnc.com.vn\">nsconghoa@pnc.com.vn</a></td><td>028 3844 9820</td><td>0915 501 261</td></tr></tbody></table></figure>','66','admin',3,'2023-12-18 14:26:12','2023-12-18 14:26:12'),(6,'Điều Khoản Sử Dụng','upload/post/1702909613358-he-thong-nha-sach-phuong-nam.jpg','Điều Khoản Sử Dụng','<p>Chào mừng Quý khách hàng truy cập website nhasachphuongnam.com</p><p>Chúng tôi là Công ty Cổ phần Văn hóa Phương Nam có địa chỉ trụ sở tại 940 đường Ba Tháng Hai, Phường 15, Quận 11, Tp. Hồ Chí Minh, thành lập sàn giao dịch thương mại điện tử thông qua website www.nhasachphuongnam.com đã được đăng ký chính thức với sở Công Thương Việt Nam.</p><ul><li><strong>Tài Khoản Của Khách Hàng</strong></li></ul><p>Khi đăng ký sử dụng tài khoản trên nhasachphuongnam.com, quý khách cần cung cấp cho website các thông tin cá nhân chính xác và đầy đủ nhất. Khi chọn mật khẩu cho tài khoản truy cập, hãy chọn mật khẩu theo cách mà không ai có thể dễ dàng đoán được.</p><p>Sau khi đăng ký, quý khách chịu trách nhiệm bảo quản mật khẩu và không nên tiết lộ mật khẩu cho bất cứ ai hoặc ủy quyền, cho phép bất cứ người nào sử dụng vào bất cứ mục đích nào. Nhasachphuongnam.com sẽ luôn coi việc truy cập và sử dụng các dịch vụ trên trang web bằng tên truy cập và mật khẩu của một người nào đó như là việc truy cập và sử dụng các dịch vụ bởi chính khách hàng đó, bất kể tên truy cập và mật khẩu có thể được sử dụng bởi người khác mà chủ sở hữu không biết hoặc không cho phép.</p><p>Nếu phát hiện bất cứ người nào biết mật khẩu hoặc sử dụng mật khẩu của mình để truy cập và sử dụng các dịch vụ trên trang web, quý khách cần thông báo ngay lập tức cho chúng tôi và thay đổi mật khẩu hoặc yêu cầu website hỗ trợ cài đặt mật khẩu mới.</p><ul><li><strong>Quyền Bảo Lưu Và Sử Dụng Thông Tin</strong></li></ul><p>Khi truy cập và sử dụng trang web, nhasachphuongnam.com có thể bảo lưu các thông tin như các số liệu thống kê quá trình truy cập, các thông tin cá nhân cung cấp cho phuongnam.com khi đăng ký… Các thông tin cá nhân bao gồm họ tên, số điện thoại, địa chỉ email, địa chỉ chỗ ở… Chúng tôi có thể sử dụng các thông tin này vào việc lập kế hoạch, nghiên cứu, thiết kế và tuyên truyền các dịch vụ hoặc cung cấp thông tin cho các cơ quan pháp luật theo yêu cầu của Luật pháp hoặc của Toà án.</p><ul><li><strong>Quyền Lợi Bảo Mật Thông Tin Của Khách Hàng</strong></li></ul><p>Chúng tôi luôn coi trọng việc bảo mật thông tin và sử dụng các biện pháp tốt nhất để bảo vệ thông tin cũng như việc thanh toán của khách hàng khi sử dụng dịch vụ của website chúng tôi. Quý khách được đảm bảo rằng thông tin cá nhân mà quý khách cung cấp sẽ không được chuyển giao cho bên thứ ba nào khác vì mục đích thương mại. Mọi thông tin cá nhân đều được bảo mật ngoại trừ trường hợp Cơ quan Pháp luật yêu cầu.</p>','12','admin',4,'2023-12-18 14:26:53','2023-12-18 14:26:53'),(7,'Chính Sách Bảo Mật','upload/post/1703301977131-he-thong-nha-sach-phuong-nam.jpg','Chính Sách Bảo Mật','<p>Việc bảo lưu thông tin cá nhân của quý khách nhằm giúp chúng tôi có điều kiện nâng cao chất lượng dịch vụ để phục vụ quý khách hàng ngày một tốt hơn. Nhasachphuongnam.com cam kết sử dụng thông tin khách hàng một cách hợp lý và bảo mật nhất.<br><br><strong>● Về Việc Bảo Lưu Thông Tin Khách Hàng</strong></p><p><br>Để sử dụng và trải nghiệm các dịch vụ của&nbsp;Nhà sách Phương Nam, bạn cần đăng ký tài khoản và cung cấp một số thông tin như: email, họ tên, số điện thoại, địa chỉ và một số thông tin khác. Bạn có thể tùy chọn không cung cấp cho chúng tôi một số thông tin nhất định nhưng sẽ có một chút bất tiện vì khi đó, bạn sẽ không thể được hưởng một số tiện ích mà những tính năng của chúng tôi cung cấp.<br><br>Mọi thông tin bạn nhập trên website sẽ được lưu trữ để sử dụng cho mục đích phản hồi yêu cầu của khách hàng, đưa ra những gợi ý‎ phù hợp cho từng khách hàng khi mua sắm tại&nbsp;website, nâng cao chất lượng hàng hóa dịch vụ và liên lạc với khách hàng khi cần thiết.<br><br>● <strong>Mục Đích Sử Dụng Thông Tin</strong></p><p><br>Mục đích của việc bảo lưu thông tin là nhằm xây dựng&nbsp;nhasachphuongnam.com trở thành một website bán hàng trực tuyến mang lại nhiều tiện ích nhất cho khách hàng. Vì thế, việc sử dụng thông tin sẽ phục vụ những hoạt động sau:<br><br>- Gửi newsletter giới thiệu sản phẩm mới và những chương trình khuyến mãi của&nbsp;Nhà sách Phương Nam.<br><br>- Cung cấp một số tiện ích, dịch vụ hỗ trợ khách hàng.<br><br>- Nâng cao chất lượng dịch vụ khách hàng của&nbsp;Nhà sách Phương Nam.<br><br>- Làm cơ sở giải quyết các vấn đề khiếu nại, tranh chấp phát sinh liên quan đến việc sử dụng sản phẩm, dịch vụ tại website Nhà sách Phương Nam.<br><br>- Ngăn chặn những hoạt động vi phạm pháp luật Việt Nam<br><br><strong>● Chia Sẻ Thông Tin</strong></p><p><br>Chúng tôi sẽ không chia sẻ thông tin của bạn trừ những trường hợp cụ thể sau đây:<br><br>- Để bảo vệ&nbsp;Nhà sách Phương Nam&nbsp;và các bên thứ ba khác: Chúng tôi chỉ đưa ra thông tin tài khoản và những thông tin cá nhân khác khi tin chắc rằng việc đưa những thông tin đó là phù hợp với luật pháp, bảo vệ quyền lợi, tài sản của người sử dụng dịch vụ, của&nbsp;Nhà sách Phương Nam và các bên thứ ba khác.<br><br>- Theo yêu cầu pháp l‎ý từ một cơ quan chính phủ hoặc khi chúng tôi tin rằng việc làm đó là cần thiết và phù hợp nhằm tuân theo các yêu cầu pháp l‎ý.<br><br>- Trong những trường hợp còn lại, chúng tôi sẽ có thông báo cụ thể cho bạn khi phải tiết lộ thông tin cho một bên thứ ba và thông tin này chỉ được cung cấp khi được sự phản hồi đồng ‎ý‎ từ phía bạn.<br><br><strong>● Chính Sách Cam Kết Bảo Mật Thông Tin Khách Hàng</strong></p><p><br>- Chúng tôi cam kết không tiết lộ thông tin khách hàng, không bán hoặc chia sẻ thông tin khách hàng của Nhà sách Phương Nam cho bên thứ ba nào khác vì mục đích thương mại.<br><br>- Chúng tôi cam kết mọi thông tin thanh toán giao dịch trực tuyến của khách hàng đều được bảo mật và an toàn. Các thông tin tài khoản ngân hàng, thông tin thẻ tín dụng hay thông tin tài chính đều không bị lưu lại dưới bất kỳ hình thức nào.<br><br>- Quý khách không nên trao đổi những thông tin cá nhân và thông tin thanh toán của mình cho bên thứ ba nào khác để tránh rò rỉ thông tin. Khi sử dụng chung máy tính với nhiều người, vui lòng thoát khỏi tài khoản sau khi sử dụng dịch vụ của website chúng tôi để tự bảo vệ thông tin về mật khẩu truy cập của mình.<br><br>Nhà sách Phương Nam hiểu rằng quyền lợi của bạn trong việc bảo vệ thông tin cá nhân cũng chính là trách nhiệm của chúng tôi nên trong bất kỳ trường hợp có thắc mắc, góp ý nào liên quan đến chính sách bảo mật của Nhà sách Phương Nam, vui lòng liên hệ với chúng tôi qua số điện thoại&nbsp;<strong>1900 6656</strong> để được phúc đáp, giải quyết thắc mắc trong thời gian sớm nhất.</p>','123','admin',5,'2023-12-23 03:26:17','2023-12-23 03:26:17'),(8,'Phương Thức Vận Chuyển','upload/post/1703302038305-he-thong-nha-sach-phuong-nam.jpg','Phương Thức Vận Chuyển','<p><strong><img src=\"http://nhasachphuongnam.com/images/icon-dree-ship.jpg?1595924390253\" alt=\"\" width=\"20\" height=\"20\"> Chi phí vận chuyển khi mua hàng online trên website:</strong></p><ul><li>Phí vận chuyển mọi giá trị đơn hàng&nbsp;tại TP.Hồ Chí Minh (các quận nội thành, ngoại thành &amp; các huyện): <strong>19.000đ</strong></li><li>Phí vận chuyển mọi giá trị đơn hàng có&nbsp;tại các tỉnh/ thành phố khác&nbsp;(ngoài TP.Hồ Chí Minh): <strong>29.000đ</strong></li></ul>','333','admin',6,'2023-12-23 03:27:18','2023-12-23 03:27:18');
/*!40000 ALTER TABLE `post` ENABLE KEYS */;
UNLOCK TABLES;

--
-- Table structure for table `postcategory`
--

DROP TABLE IF EXISTS `postcategory`;
/*!40101 SET @saved_cs_client     = @@character_set_client */;
/*!50503 SET character_set_client = utf8mb4 */;
CREATE TABLE `postcategory` (
  `id` int NOT NULL AUTO_INCREMENT,
  `name` varchar(255) NOT NULL,
  `description` text,
  `created_at` timestamp NULL DEFAULT CURRENT_TIMESTAMP,
  `updated_at` timestamp NULL DEFAULT CURRENT_TIMESTAMP ON UPDATE CURRENT_TIMESTAMP,
  PRIMARY KEY (`id`)
) ENGINE=InnoDB AUTO_INCREMENT=10 DEFAULT CHARSET=utf8mb4 COLLATE=utf8mb4_0900_ai_ci;
/*!40101 SET character_set_client = @saved_cs_client */;

--
-- Dumping data for table `postcategory`
--

LOCK TABLES `postcategory` WRITE;
/*!40000 ALTER TABLE `postcategory` DISABLE KEYS */;
INSERT INTO `postcategory` VALUES (2,'Về Chúng Tôi','Về Chúng Tôi','2023-12-05 00:33:29','2023-12-18 14:25:19'),(3,'Hệ Thống Nhà Sách Phương Nam','Hệ Thống Nhà Sách Phương Nam','2023-12-05 00:34:50','2023-12-05 00:34:50'),(4,'Điều Khoản Sử Dụng','Điều Khoản Sử Dụng','2023-12-05 00:35:09','2023-12-05 00:35:09'),(5,'Chính Sách Bảo Mật','Chính Sách Bảo Mật','2023-12-05 00:35:31','2023-12-05 00:35:31'),(6,'Chính Sách Vận Chuyển','Chính Sách Vận Chuyển','2023-12-05 00:35:41','2023-12-05 00:35:41');
/*!40000 ALTER TABLE `postcategory` ENABLE KEYS */;
UNLOCK TABLES;

--
-- Table structure for table `product`
--

DROP TABLE IF EXISTS `product`;
/*!40101 SET @saved_cs_client     = @@character_set_client */;
/*!50503 SET character_set_client = utf8mb4 */;
CREATE TABLE `product` (
  `id` int NOT NULL AUTO_INCREMENT,
  `name` varchar(255) NOT NULL,
  `image` varchar(255) DEFAULT NULL,
  `description` text,
  `detail` text,
  `size` varchar(50) DEFAULT NULL,
  `episodes` varchar(10) DEFAULT NULL,
  `numberpage` varchar(50) DEFAULT NULL,
  `quantity` varchar(10) DEFAULT NULL,
  `price` float DEFAULT NULL,
  `category_id` int NOT NULL,
  `publish_id` int NOT NULL,
  `author_id` int NOT NULL,
  `created_at` timestamp NULL DEFAULT CURRENT_TIMESTAMP,
  `updated_at` timestamp NULL DEFAULT CURRENT_TIMESTAMP ON UPDATE CURRENT_TIMESTAMP,
  PRIMARY KEY (`id`),
  KEY `category_id` (`category_id`),
  KEY `publish_id` (`publish_id`),
  KEY `author_id` (`author_id`),
  CONSTRAINT `product_ibfk_1` FOREIGN KEY (`category_id`) REFERENCES `category` (`id`),
  CONSTRAINT `product_ibfk_2` FOREIGN KEY (`publish_id`) REFERENCES `publish` (`id`),
  CONSTRAINT `product_ibfk_3` FOREIGN KEY (`author_id`) REFERENCES `author` (`id`)
) ENGINE=InnoDB AUTO_INCREMENT=105 DEFAULT CHARSET=utf8mb4 COLLATE=utf8mb4_0900_ai_ci;
/*!40101 SET character_set_client = @saved_cs_client */;

--
-- Dumping data for table `product`
--

LOCK TABLES `product` WRITE;
/*!40000 ALTER TABLE `product` DISABLE KEYS */;
INSERT INTO `product` VALUES (45,'Bứt Phá Thời Số Hóa','upload/product/1702903610412-but-pha-thoi-so-hoa.jpg','Bứt Phá Thời Số Hóa','<p><strong>Bứt Phá Thời Số Hóa</strong>&nbsp;là cuốn cẩm nang thiết thực để thấu hiểu và chiến thắng trong thời đại số hậu Covid và trở thành nhà lãnh đạo thế kỷ 21.</p><p>Nitin đưa vào cuốn sách này hơn 25 năm kinh nghiệm trong vai trò lãnh đạo các công ty tầm cỡ thế giới như Mckinsey và Fidelity lẫn doanh nghiệp bẩm sinh số như Flipkart và Incedo. Ông trình bày những hiểu biết sâu sắc và ví dụ thực tế, đồng thời giải đáp các câu hỏi then chốt về cách doanh nghiệp có thể bứt phá trong thời đại số:</p><ul><li>Tại sao các công ty thất bại trong quá trình chuyển đổi số?</li><li>Các quy tắc kinh doanh thay đổi như thế nào trong thời đại số?</li><li>Số hóa đem đến những cơ hội đột phá nào trong các ngành công nghiệp khác nhau?</li><li>Làm sao tận dụng tốt nhất tiềm năng của các công nghệ số như AI và Đám mây?</li><li>Năng lực và văn hóa tổ chức cần thay đổi như thế nào?</li><li>Các nhà lãnh đạo và chuyên gia trẻ cần xây dựng những kỹ năng mới nào?</li></ul>','15.5 x 23 x 2.8 cm','1','572','97',300000,5,3,2,'2023-12-13 12:38:37','2024-01-05 07:08:15'),(46,'Cuộc Chiến Trong Phòng Họp','upload/product/1702472688205-cuoc-chien-trong-phong-hop-tb-2023.jpg','Cuộc Chiến Trong Phòng Họp','<p>Điều gì làm nên một CEO giỏi? Đó là người có tư duy mạnh về ngôn ngữ, logic và phân tích, những đặc điểm tiêu biểu của nhóm người chịu sự chi phối của bán cầu não trái.</p><p>Điều gì làm nên một CMO giỏi? Đó là người có tư duy mạnh về hình ảnh, trực giác và tổng hợp, những đặc điểm tiêu biểu của nhóm người dễ chịu sự chi phối của bán cầu não phải.</p><p>Từ sự khác biệt của 2 nhóm người này, hai doanh nhân nổi tiếng Al và Laura Ries mô tả chi tiết cuộc chiến giữa các nhà quản lý và nhà marketing, cùng những dẫn chứng cụ thể về cách quyết định của họ đã ảnh hưởng như thế nào sự phát triển của thương hiệu/ dòng sản phẩm, thậm chí là sự suy vong của nhiều thương hiệu/ dòng sản phẩm/ công ty/ tập đoàn.</p>','13 x 20.5 x 1.8 cm','4','352','98',165000,5,1,4,'2023-12-13 13:04:48','2024-01-05 02:06:07'),(47,'Đã Chơi Phải Thắng ','upload/product/1702472764385-da-choi-phai-thang.jpg','Đã Chơi Phải Thắng ','<p><strong>\"Đã chơi phải thắng\"</strong> bàn về cách kinh doanh để thành công dựa trên những ví dụ thực tiễn từ công ty P&amp;G. Quyển sách nêu lên năm lựa chọn, một khuôn khổ và một quy trình, tạo nên một cẩm nang xây dựng chiến lược trong bất kỳ tổ chức nào. Độc giả có thể coi đây là một quyển hướng dẫn để tự mình thực hiện chiến lược. Hai tác giả A. G. Lafley, Cựu chủ tịch và CEO, Procter &amp; Gamble và Roger L. Martin, Hiệu trưởng Trường Quản lý Rotman cung cấp các khái niệm, quy trình và công cụ thực tế mà bạn cần để tạo ra và phát triển một chiến lược thành công cho doanh nghiệp, bộ phận chức năng hoặc tổ chức của mình – một chiến lược có thể phục vụ khách hàng của bạn tốt hơn và cho phép bạn cạnh tranh thành công hơn và giành chiến thắng. Thế giới cần nhiều hơn những nhà lãnh đạo doanh nghiệp am hiểu chiến lược và có khả năng dẫn dắt quá trình xây dựng chiến lược cho công ty của họ. Điều đó cần đến các năng lực chiến lược ở tất cả các cấp độ tổ chức trong mọi loại ngành nghề, trong chính phủ, trong lĩnh vực chăm sóc sức khỏe, trong giáo dục và trong lĩnh vực xã hội. Chiến lược không nhất thiết là một điều gì đó bí ẩn. Về mặt khái niệm, nó đơn giản và dễ hiểu. Nó đòi hỏi tư duy rõ ràng và cặn kẽ, sự sáng tạo thực sự, lòng dũng cảm và khả năng lãnh đạo cá nhân. Nhưng nó là điều có thể thực hiện được.</p>','13 x 20.5 x 1.5 cm','1','368','99',150000,5,2,3,'2023-12-13 13:06:04','2024-01-04 10:19:52'),(49,'Làm Chủ Business Analytics','upload/product/1702473041177-lam-chu-business-analytics.jpg','Làm Chủ Business Analytics','Làm Chủ Business Analytics','2*12*20cm','11','111','98',120000,2,1,1,'2023-12-13 13:10:41','2024-01-05 03:20:31'),(50,'Quantum Marketing - Bộ Công Cụ Tiếp Thị Trong Thế Giới Siêu Kết Nối','upload/product/1702473215393-quantum-marketing.jpg','Quantum Marketing - Bộ Công Cụ Tiếp Thị Trong Thế Giới Siêu Kết Nối','<p>Raja Rajamannar, Giám đốc Tiếp thị của Mastercard, chia sẻ các chiến lược biên giới, đột phá để vượt qua những thách thức là kết quả của sự gián đoạn chưa từng có ngày nay.</p><p>Khi công nghệ liên tục phát triển trong vài thập kỷ qua, tiếp thị đã phải thay đổi theo nó, phát triển qua bốn giai đoạn quan trọng được xây dựng dựa trên các chiến lược và công cụ của thời đại trước. Những gì xảy ra tiếp theo trong giai đoạn thứ năm, hay Mô hình thứ năm, sẽ không phải là một sự tiến hóa, mà là một cuộc cách mạng.</p><p>Hầu hết mọi thứ về tiếp thị được thực hiện ngày nay, bao gồm cả khái niệm về bản thân thương hiệu, sẽ đòi hỏi một sự tái tư duy hoàn toàn.</p><p>Với tư cách là Giám đốc Tiếp thị của Mastercard, một trong những thương hiệu nổi tiếng và được trang trí đẹp nhất thế giới, Raja Rajamannar chia sẻ những cách tư duy tương lai mà tất cả các doanh nghiệp phải xem xét lại toàn bộ bối cảnh tiếp thị của họ để duy trì sự phù hợp và thành công Trong cuốn sách, độc giả sẽ:</p><p>- Hiểu được sự phát triển của tiếp thị và cách đi đầu sự thay đổi trong tương lai.</p><p>- Tìm hiểu rõ ràng về các chiến lược và chiến thuật tiếp thị phù hợp để theo đuổi trong một ngành công nghiệp không ngừng phát triển.</p><p>- Đạt được những đột phá trong tư duy đổi mới để cạnh tranh trong lĩnh vực kinh doanh hiện đại.</p><p>- Có được quan điểm từ các nhà tiếp thị hàng đầu trong các ngành.</p>','19 x 25 x 1 cm','3','200','98',300000,5,1,4,'2023-12-13 13:13:35','2024-01-04 13:30:10'),(51,'Tạo Fan Thương Hiệu Chốt Triệu Đơn Hàng','upload/product/1702473287208-tao-fan-thuong-hieu-chot-trieu-don-hang.jpg','Tạo Fan Thương Hiệu Chốt Triệu Đơn Hàng','<p>Trước hiện thực thị trường bị thu hẹp và khách hàng thắt chặt chi tiêu, phương pháp bán hàng ồ ạt nhắm đến doanh số cao không còn là phương án tối ưu, thay vào đó là việc xây dựng tệp khách hàng trung thành với sức mua ổn định. Để làm được điều đó không chỉ dựa vào chiến lược kinh doanh của công ty mà còn từ sức mua từ đội ngũ bán hàng. Hiromi Wada, người được mệnh danh là “nhà tư vấn bán hàng tạo nên doanh số tuyệt vời” ở Nhật Bản sẽ chỉ cho bạn bí quyết xây dựng thương hiệu cá nhân cho chính saler, để biến khách hàng thành người hâm mộ và tiếp tục ủng hộ mua. Bạn sẽ nhận ra “sức mạnh và lợi thế không ngờ của chính mình”, cũng như cách thức duy trì “fan thương hiệu” trong tương lai.</p><p>Cuốn sách này sẽ chỉ cho bạn biết bản chất quan trọng thực sự của kinh doanh không phải con số doanh thu, mà là cảm tình của khách hàng.</p>','13 x 19 x 1.2 cm','1','255','98',150000,5,1,4,'2023-12-13 13:14:47','2024-01-04 13:30:10'),(52,'Tiểu Sử Steve Jobs ','upload/product/1702473362983-tieu-su-steve-jobs-tb-2023.jpg','Tiểu Sử Steve Jobs ','<p><i><strong>Cuốn tiểu sử đầu tiên và duy nhất nhận được sự đồng ý và hợp tác của Steve Jobs do Walter Isaacson chấp bút</strong></i></p><p>Cuốn tiểu sử với tiêu đề ngắn gọn “Steve Jobs” do cựu thư ký tòa soạn của tạp chí “Time”, Walter Isaacson biên soạn, dựa trên 40 cuộc phỏng vấn với Steve Jobs trong 2 năm qua cùng các cuộc phỏng vấn với hơn 100 người thân, bạn bè, đồng nghiệp và đối thủ của ông, phát hành trên Amazon vào ngày 24/10 đang liên tục đứng vị trí số 1 danh sách sách bán chạy nhất của cả Amazon lẫn Barnes &amp; Nobles. Đây cũng là cuốn tiểu sử đầu tiên và duy nhất nhận được sự đồng ý của Steve Jobs. Walter Isaacson cũng là người viết tiểu sử nổi tiếng, với 2 tác phẩm viết về Benjamin Franklin và Albert Einstein.</p><p>Cuốn sách Steve Jobs tiết lộ nhiều thông tin chưa từng được kể về Steve Jobs như tính cách cay nghiệt, kỳ dị, chuyện ông chiến đấu với bệnh ung thư, những mối quan hệ lãng mạn của ông và cuộc hôn nhân với bà Laurene Powell hay gặp cha đẻ Abdulfattah \"John\" Jandali... Và trên hết đó là quá trình ông đã gây dựng và chèo lái Apple đi đến thành công như ngày hôm nay với không ít sai lầm cũng như những ám ảnh không thôi về sự hoàn hảo. Tác phẩm vì thế đã cung cấp cho người đọc một cái nhìn sâu sắc về nhân cách và cả những thành tựu của cuộc đời Steve Jobs. Đó là một cuốn sách chứa đựng những điều Steve Jobs muốn nói với thế giới.</p><p><strong>Tiểu sử Steve Jobs</strong> là cuốn sách đầu tiên được Alpha Books tái bản ngay trước khi phát hành.</p>','16 x 24 x 4 cm','1','758','38',400000,5,1,3,'2023-12-13 13:16:02','2024-01-05 02:26:45'),(53,'Văn Hóa Kết Nối','upload/product/1702473452216-van-hoa-ket-noi.jpg','Văn Hóa Kết Nối - Những Lợi Thế Cạnh Tranh Mà Bạn Không Ngờ Tới','<p><strong>Hướng suy nghĩ mới về sự lãnh đạo, sự gắn bó của nhân viên và \"sức khỏe của tổ chức\"</strong></p><p>Để tạo ra một tổ chức phát triển không ngừng với môi trường làm việc năng động mà tại đó các nhân viên cảm thấy mình được trân trọng và có thể chứng kiến hiệu quả cao lẫn sự đổi mới ở bất kì nơi đâu, chúng ta cần một lãnh đạo kiểu mới có thể xây dựng văn hóa kết nối trong tổ chức.</p><p>Con người, gồm cả khách hàng và nhân viên - là thành phần quan trọng nhất của bất kì doanh nghiệp nào, các lãnh đạo ngày nay quá chú trọng vào hoạt động tài chính, nhưng sự kết nối và làm việc cùng nhau của mọi người mới là chìa khóa dẫn đến thành công. Chúng ta phải làm tốt hơn với tư cách là lãnh đạo và với tư cách là giáo viên phát triển khả năng lãnh đạo để có thể tạo ra và duy trì văn hóa kết nối một cách có chủ đích. Ngay cả khi bạn nghĩ rằng bạn đã có tất cả mọi thứ (khảo sát, đào tại, giải thưởng, ghi nhận và sự tôn vinh)</p><p><strong>Lãnh đạo chính là xây dựng các mối quan hệ. Cuốn sách tiết lộ nghệ thuật và khoa học của việc tạo ra một văn hóa có thể xây dựng các mối quan hệ và thúc đẩy hiệu quả làm việc</strong></p><p>Cuốn sách <strong>\"Văn hóa kết nối\"</strong> này chính là cơ hội hiếm có để bạn trở thành một nhà lãnh đạo như vậy. Được xuất bản khi bóng tối của Đại dịch COVID 19 bủa vây, cuốn sách gửi gắm thông điệp về hi vọng tăng trưởng sau chấn thương của tác giả, đồng thời cung cấp những ki thuyết được nghiên cứu kĩ lương và được cập nhập về quan hệ giữa căng thẳng và cô đơn. Ngoài ra, cuốn sách còn trình vày rất nhiều về những nhà lãnh đạo tài ba giao tiếp trong bối cảnh khủng hoảng.</p>','14.5 x 20.5 x 2.1 cm','1','431','18',178000,5,1,1,'2023-12-13 13:17:32','2024-01-04 13:30:10'),(54,'150 Bài Văn Hay Lớp 3','upload/product/1702473664187-150-bai-van-hay-lop-3.jpg','150 Bài Văn Hay Lớp 3','<p>Văn hay chữ tốt là cả một quá trình rèn luyện lâu dài trong suốt cuộc đời của mỗi con người. Để giúp các em có được lời hay ý đẹp trong nói và viết, chúng tôi biên soạn cuốn: <strong>150 BÀI VĂN HAY 3</strong>.</p><p>Nhằm khơi dậy tình yêu cho các em đối với bộ môn này. Cuốn sách dựa vào nội dung chương trình cốt lõi của cải cách giáo dục lớp Ba, và nâng cao thêm một số đề bài, với tham vọng sẽ giúp các em thực hiện tốt chương trình lớp Ba mới, đồng thời khuyến khích sự sáng tạo, giải quyết các đề bài cụ thể theo cách nghĩ và cảm xúc riêng của mỗi em trên cơ sở những bài làm gợi mở trong cuốn sách. Mong rằng cuốn sách sẽ đáp ứng nhu cầu đọc sách tham khảo cho các thầy cô giáo, phụ huynh và học sinh. Bậc Tiểu học là nền tảng, là chân đế vững chắc nhất trong bước đường học vấn của mỗi con người. Rất mong các em học sinh lớp Ba nỗ lực, tự bồi dưỡng kĩ năng làm văn từ những bước đi đầu tiên bậc Tiểu học, để những năm học tiếp theo ở các lớp trên các kĩ năng dùng từ, đặt câu, nói, viết... đúng chuẩn và đạt được những kì vọng mà giáo viên và phụ huynh ao ước.</p>','17 x 24 x 0.6 cm','1','122','18',60000,4,3,4,'2023-12-13 13:21:04','2024-01-04 03:34:17'),(55,'207 Đề Và Bài Văn Hay Lớp 8','upload/product/1702473743580-207-de-va-bai-van-hay-lop-8.jpg','207 Đề Và Bài Văn Hay Lớp 8','<p>Để học sinh có thể phát huy tính chủ động trong việc học, bên cạnh sự có mặt của giáo viên, các loại tài liệu tham khảo cùng đóng một vai trò hết sức quan trọng và cần thiết, đặc biệt là với một môn học đòi hỏi sự nhạy bén, tinh tế như môn Ngữ văn. Nhằm giúp các em học tốt hơn chương trình Ngữ văn 8, chúng tôi biên soạn cuốn <strong>207 ĐỀ &amp; BÀI VĂN HAY 8</strong>.</p><p>Sách bám sát chương trinh sách giáo khoa mới của Bộ Giáo dục &amp; Đào tạo để xây dựng các bài văn cho các em tham khảo, bên cạnh đó là các đề mở rộng để các em luyện tập khả năng viết văn của ninh. Những bài vân mẫu và đề văn mở sẽ tạo điều kiện cho các em có để tự học tốt môn Ngữ văn một cách chủ động, sáng tạo.</p><p>Chúc các em học thật tốt!</p>','17 x 24 x 1.4 cm','1','282','99',125000,4,1,2,'2023-12-13 13:22:23','2024-01-04 10:20:44'),(56,'Bài Tập Bổ Trợ Nâng Cao Tiếng Việt Lớp 3 Tập 2 ','upload/product/1702473871090-bai-tap-bo-tro-nang-cao-tieng-viet-lop-3-tap-2.jpg','Bài Tập Bổ Trợ Nâng Cao Tiếng Việt Lớp 3 Tập 2 ','<p>Bộ sách <strong>Bài tập bổ trợ nâng cao Tiếng Việt 3</strong> được biên soạn theo chương trình GDPT 2018 của bộ sách Kết nối tri thức với cuộc sống. Bộ sách giúp các em rèn luyện kỹ năng đọc hiểu, nắm vững các quy tắc chính tả, củng cố và nâng cao kiến thức tiếng Việt, rèn cho học sinh cách dùng từ, đặt câu và cách viết văn.</p><p>Sách gồm 2 tập, mỗi tập là một hệ thống bài tập được biên soạn nội dung kiến thức theo từng tuần. Mỗi tuần là một bài đọc hiểu theo chủ điểm trong sách giáo khoa. Các bài đọc đều là những câu chuyện, những bài thơ mang nhiều ý nghĩa, gần gũi với cuộc sống của các em. Hệ thống câu hỏi gồm cả trắc nghiệm và tự luận được xây dựng tù dễ đến khó, giúp các em hiểu và rút ra được ý nghĩa bài đọc một cách dễ dàng, đồng thời rèn cho các em kỹ năng phân tích, suy luận và bồi dưỡng cảm xúc văn học.</p><p>Toàn bộ kiến thức trong cuốn sách <strong>Bài Tập Bổ Trợ Nâng Cao Tiếng Việt Lớp 3</strong> đều bám sát nội dung trong sách giáo khoa mà các con được học trên lớp.</p>','17 x 24 x 0.5 cm','2','99','99',100000,4,4,2,'2023-12-13 13:24:31','2024-01-04 10:20:13'),(57,'Bài Tập Bổ Trợ Nâng Cao Toán Lớp 2 Tập 2','upload/product/1702473958110-bai-tap-bo-tro-nang-cao-toan-lop-2-tap-2-ket-noi-tri-thuc.jpg','Bài Tập Bổ Trợ Nâng Cao Toán Lớp 2 Tập 2','<p>Các bậc cha mẹ phụ huynh ai cũng mong muốn bồi dưỡng, phát triển kỹ năng tư duy cho các em học sinh lớp 2; làm cho các em yêu thích, say mê, tìm thấy vẻ đẹp của Toán học, từ đó học tập tốt. Thấu hiểu nguyện vọng đó, Công ty sách Tkbooks cùng các tác giả đã biên soạn bộ sách <strong>Bài tập bổ trợ nâng cao môn Toán lớp 2</strong> nhằm giúp các em có được lộ trình ôn tập rõ ràng, hiệu quả.</p><p><strong>Bài tập bổ trợ nâng cao môn Toán lớp 2</strong> được biên soạn theo chương trình GDPT 2018, các chủ đề ôn luyện bám sát theo chủ đề của bộ sách giáo khoa Kết nối tri thức và cuộc sống.</p><p>Bộ sách gồm 2 tập:</p><p>-&nbsp; Tập 1 tương ứng với kiến thức học kỳ I, từ tuần 1 đến tuần 18</p><p>-&nbsp; Tập 2 tương ứng với kiến thức học kỳ II, từ tuần 19 đến tuần 35</p>','17 x 24 x 0.6 cm','2','120','12',89000,4,4,3,'2023-12-13 13:25:58','2023-12-13 13:25:58'),(58,'Bài Tập Bổ Trợ Nâng Cao Toán Lớp 3 Tập 2 ','upload/product/1702474034476-bai-tap-bo-tro-nang-cao-toan-lop-3-tap-2-ket-noi-tri-thuc.jpg','Bài Tập Bổ Trợ Nâng Cao Toán Lớp 3 Tập 2 ','<p>Bộ sách <strong>Bài tập bổ trợ nâng cao Toán 3 tập 2</strong> gồm 350 bài toán điển hình được chia làm hai tập tương úng với hai kỳ học. Tập 2 tương ứng với kiến thức kì I từ tuần 1 đến tuần 18, tập 2 tương ứng với kiến thức kì II từ tuần 19 đến tuần 35.</p><p>Bộ sách được viết theo chủ đề sách giáo khoa Kết nối tri thức vào cuộc sống của nhà xuất bản Giáo dục. Với bộ sách này tác giả mong muốn các em học sinh rèn luyện khả năng tự học, vững vàng tự tin học giới và yêu thích môn Toán hơn.</p><p>Các bài toán trong cuốn sách này được xây dựng là những bài toán điển hình trong chương trình toán lớp 3. Cuốn sách giúp các em học sinh ôn luyện kỹ năng giải toán mở rộng và nâng cao hơn. Phần đáp án với diễn giải chi tiết giúp các em hiểu rõ hơn và áp dụng kiến thức đó vào việc giải toán.</p>','17 x 24 x 0.5 cm','1','98','8',79000,4,4,2,'2023-12-13 13:27:14','2024-01-05 06:46:38'),(59,'Các Dạng Bài Tập Trắc Nghiệm Toán Lớp 2 ','upload/product/1702474128634-cac-dang-bai-tap-trac-nghiem-toan-lop-2_ke9e-kl.jpg','Các Dạng Bài Tập Trắc Nghiệm Toán Lớp 2 ','<p>Hiện nay, nhiều môn học được thi bằng hình thức trắc nghiệm, trong đó có môn Toán. Các em học sinh lớp Ba cũng nên làm quen dần với cách giải bài tập theo hình thức này. Để giúp các em có nguồn đề bài cho việc luyện tập, chúng tôi biên soạn cuốn <strong>Các dạng bài tập trắc nghiệm Toán 2</strong>.</p><p>Cuốn <strong>Các dạng bài tập trắc nghiệm Toán 2</strong> được biên soạn bám sát chương trình môn Toán hiện đang giảng dạy ở lớp Hai theo chương trình giáo dục phổ thông mới, có nội dung phù hợp với các bộ sách giáo khoa hiện hành.</p><p>Cuốn sách gồm hai phần: Các đề Toán và Bài giải.</p><p>Các đề Toán trong cuốn sách này thuộc một số loại trắc nghiệm phổ biến. Để phù hợp với thời gian làm từng câu khi thi trắc nghiệm, đa phần các đề Toán khá dễ. Làm các đề bài trong cuốn <strong>Các dạng bài tập trắc nghiệm Toán 2</strong> giúp học sinh củng cố những phần kiến thức lý thuyết được học trong giờ Toán trên lớp. Với mục đích đó, các em nên giải bài tập trong cuốn sách này theo cách hơi khác khi làm bài thi, nhất là với dạng trắc nghiệm bốn lựa chọn. Các em nên tự giải bài tập, rồi so kết quả với các lựa chọn đề bài đưa ra để khoanh tròn phương án đúng. Cách làm này tuy có lâu hơn, nhưng nó phát huy được khả năng tư duy của người học.</p><p>Phần Bài giải được chúng tôi đặt ở cuối cuốn sách, sẽ giúp các em khi cần tìm lời giải cho những bài quá khó hoặc kiểm tra, đối chiếu với kết quả bài làm của mình.</p>','17 x 24 x 0.8 cm','1','94','18',52000,4,1,2,'2023-12-13 13:28:48','2024-01-04 15:01:52'),(60,'Đề Ôn Luyện Và Tự Kiểm Tra Toán Lớp 2 Tập 2','upload/product/1702474197173-de-on-luyen-va-tu-kiem-tra-toan-lop-2-tap-2.jpg','Đề Ôn Luyện Và Tự Kiểm Tra Toán Lớp 2 Tập 2','<p>Chương trình giáo dục phổ thông mới đã được triển khai rộng rãi trên cả nước và đang nhận được nhiều phản hồi tích cực. Để giúp giáo viên, học sinh và các bậc phụ huynh có thêm tài liệu để ôn tập, đánh giá, chúng tôi đã biên soạn bộ sách <strong>Đề ôn luyện và tự kiểm tra Toán - Tiếng Việt</strong> dành cho học sinh từ lớp 1 đến lớp 5.</p><p><strong>SÁCH CÓ RẤT NHIỀU ƯU ĐIỂM NỔI TRỘI NHƯ:</strong></p><p><strong>1. Sách được chia thành 2 phần rất dễ hiểu cho các bé</strong></p><p>Phần đề ôn tập và Phần đề kiểm tra.</p><p>Phần đề ôn tập: Gồm 15 đề được chia theo các chủ điểm, hoặc chia thành các đề ôn tập theo sát chương trình học trên lớp theo giai đoạn.</p><p>Phần đề kiểm tra: Gồm 5 đề kiểm tra cuối học kỳ để kiểm tra, đánh giá kiến thức tổng hợp của học sinh.</p><p><strong>2. Đề ôn tập</strong></p><p>Phần đề ôn tập: gồm 15 đề được chia theo các chủ điểm, ôn tập theo sát chương trình học trên lớp theo giai đoạn.</p><p>Mỗi đề là các bài tập đa dạng với hình ảnh minh họa sinh động tạo hứng thú học tập.</p><p><strong>3. Đề kiểm tra</strong></p><p>Mỗi cuốn sách cung cấp 5 đề kiểm tra cuối học kì để kiểm tra, đánh giá kiến thức tổng hợp của học sinh.</p><p>Mỗi đề kiểm tra gồm 2 phần trắc nghiệm và tự luận với thang điểm cụ thể, giúp các em luyện tập và củng cố lại kiến thức, tự tin chinh phục các bài kiểm tra giữa kì và cuối kì.</p><p><strong>4. Đáp án chi tiết</strong></p><p>Phần lời giải giúp các em tự đánh giá kiến thức và nâng cao kỹ năng làm bài.</p>','17 x 24 x 1.4 cm','2','94','45',90000,4,2,1,'2023-12-13 13:29:57','2024-01-04 15:01:52'),(61,'Làm Chủ Kiến Thức Ngữ Văn Bằng Sơ Đồ Tư Duy - Lớp 6 Tập 1','upload/product/1702474348379-lam-chu-kien-thuc-ngu-van-lop-6-tap-1-bang-so-do-tu-duy.jpg','Làm Chủ Kiến Thức Ngữ Văn Bằng Sơ Đồ Tư Duy - Lớp 6 Tập 1','<p>Ngữ Văn không phải là một môn học khó, nhưng văn học không có những công thức hay con số chính xác như những môn học khác nên khiến các bạn học sinh cảm thấy mông lung và khó học.</p><p>Để các em học sinh dễ dàng hệ thống kiến thức, dễ hiểu những nội dung trong sách Ngữ văn 6 và ôn thi đạt điểm cao thì chỉ học kiến thức trong sách giáo khoa là chưa đủ. Bộ sách <strong>“Làm chủ kiến thức Ngữ văn bằng sơ đồ tư duy lớp 6”</strong> gồm 2 tập (Tập 1 + 2) giúp các em ôn tập hiệu quả hơn và bứt phá điểm thi môn Ngữ Văn.</p><p>Tất cả kiến thức trong cuốn sách <strong>Làm chủ kiến thức Ngữ văn bằng sơ đồ tư duy lớp 6 – Tập 2</strong> đều bám sát nội dung trong sách giáo khoa mà các em học sinh được học trên lớp.</p><p><strong>Nội dung cuốn sách Làm chủ kiến thức Ngữ văn bằng sơ đồ tư duy lớp 6 – Tập 2</strong></p><p>Mỗi bài học trong sách <strong>Làm chủ kiến thức Ngữ văn bằng sơ đồ tư duy lớp 6 – Tập 2</strong> sẽ gồm 4 hoạt động: Đọc hiểu thực hành tiếng Việt, Viết, Nói và Nghe. Trong đó:</p><p>•&nbsp; <strong>Phần Đọc</strong> hiểu được triển khai theo một motip chung: đặc trưng thể loại tác phẩm, khái quát chung về văn bản đọc, nhấn mạnh vào trọng tâm kiến thức và kết nối với cuộc sống.</p><p>•&nbsp; <strong>Phần Thực hành tiếng Việt</strong> hệ thống hóa đầy đủ những kiến thức tiếng Việt cần thực hành trong một đơn vị bài học, có phẩn hướng dẫn thực hiện các bài tập trong sách học sinh giúp học sinh dễ dàng tiếp cận và thực hành.</p><p>•&nbsp; <strong>Phần Viết</strong>&nbsp;phần này hệ thống lại những kiến thức trọng tâm, chi tiết các yêu cầu đối với kiểu bài cần tạo lập và các bước thực hành viết.</p><p>•&nbsp; <strong>Phần Nói và Nghe</strong>&nbsp;hệ thống hóa các yêu cầu đối với bài nói và chủ đề nói. Cuối mỗi phần nghe sẽ có một số bài nói tham khảo hoặc chủ đề nói tham khảo để góp phần nâng cao kỹ năng nói cho các em học sinh lớp 6.</p>','17 x 24 x 1.2 cm','1','240','10',130000,4,3,10,'2023-12-13 13:32:28','2024-01-03 17:51:38'),(62,'Phiếu Ôn Tập Cuối Tuần Tiếng Việt Lớp 2','upload/product/1702474426847-phieu-on-tap-cuoi-tuan-tieng-viet-lop-2.jpg','Phiếu Ôn Tập Cuối Tuần Tiếng Việt Lớp 2','<p>Các em học sinh lớp 2 thân mến!</p><p>Với mong muốn giúp các em tiếp thu chương trình Tiếng Việt 2 đổi mới, mở rộng vốn từ phong phú, nắm chắc các quy tắc chính tả của tiếng Việt và bước đầu viết câu và đoạn văn, cũng như giúp các em dần hình thành văn hóa giao tiếp, sử dụng ngôn ngữ phù hợp tùy theo hoàn cảnh một cách linh hoạt, chúng tôi biên soạn cuốn <strong>PHIẾU ÔN TẬP CUỐI TUẦN TIẾNG VIỆT - LỚP 2</strong>.</p><p>Mỗi phiếu trong cuốn sách sẽ tương ứng với nội dung một tuần học trên lớp của các em. Các em sẽ được tiếp thu các kiến thức về từ, câu, dấu câu... và viết đoạn văn theo chủ đề nhằm rèn luyện kĩ năng đọc, viết, từ, từ viết đúng đến viết hay và sáng tạo.</p><p>Với nội dung phong phú, trình bày đẹp mắt, chúng tôi hi vọng cuốn sách sẽ giúp các em tự tin trên con đường học tập của mình.</p><p>Trong quá trình biên soạn, cuốn sách khó tránh khỏi những thiếu sót, chúng tôi rất mong nhận được những góp ý chân thành từ quý phụ huynh, các thầy cô và các em học sinh để cuốn sách ngày một hoàn thiện hơn.</p>','19 x 26.5 x 0.6 cm','1','127','34',66000,4,3,9,'2023-12-13 13:33:46','2024-01-03 17:51:38'),(63,'Rèn Kĩ Năng Giải Toán Lớp 4 Tập 1','upload/product/1704363300623-ren-ki-nang-giai-toan-lop-4-tap-1.jpg','Rèn Kĩ Năng Giải Toán Lớp 4 Tập 1','<p>Bộ sách <strong>RÈN KĨ NĂNG GIẢI TOÁN</strong> được viết theo từng bài, mỗi bài gồm 2 phần:</p><p>1. Bài tập cơ bản: Các bài tập đa dạng về thể loại, phong phú về nội dung và phù hợp với kiến thức trong bài học đó.</p><p>2. Bài tập nâng cao: Các bài tập vận dụng linh hoạt kiến thức của bài học đó và các bài học trước để phát triển năng lực tư duy toán học.</p><p>Các em có thể sử dụng sách hằng ngày sau mỗi tiết học trên lớp hoặc trong những ngày nghỉ. Chinh phục được cách bài tập trong bộ sách này, chắc chắn các em sẽ học giỏi, say mê và yêu thích môn Toán.</p><p>Các tác giả hi vọng bộ sách sẽ là người bạn đồng hành thân thiết, gắn bó với các em trong những năm học tiểu học.</p><p>Chúc các em thành công!</p>','17 x 24 x 0.6 cm','2','207','99',59000,4,2,9,'2023-12-13 13:37:27','2024-01-04 10:21:10'),(64,'Rèn Kĩ Năng Giải Toán Lớp 8 Tập 2','upload/product/1702474807663-ren-ki-nang-giai-toan-lop-8-tap-2.jpg','Rèn Kĩ Năng Giải Toán Lớp 8 Tập 2','<p>Bộ sách <strong>RÈN KĨ NĂNG GIẢI TOÁN</strong> được viết theo từng bài, mỗi bài gồm 2 phần:</p><p>1. Bài tập cơ bản: Các bài tập đa dạng về thể loại, phong phú về nội dung và phù hợp với kiến thức trong bài học đó.</p><p>2. Bài tập nâng cao: Các bài tập vận dụng linh hoạt kiến thức của bài học đó và các bài học trước để phát triển năng lực tư duy toán học.</p><p>Các em có thể sử dụng sách hằng ngày sau mỗi tiết học trên lớp hoặc trong những ngày nghỉ. Chinh phục được cách bài tập trong bộ sách này, chắc chắn các em sẽ học giỏi, say mê và yêu thích môn Toán.</p><p>Các tác giả hi vọng bộ sách sẽ là người bạn đồng hành thân thiết, gắn bó với các em trong những năm học tiểu học.</p><p>Chúc các em thành công!</p>','19 x 26.5 x 1 cm','2','165','52',130000,4,1,3,'2023-12-13 13:40:07','2023-12-13 13:40:07'),(65,'Toán Nâng Cao Và Bồi Dưỡng Học Sinh Giỏi Lớp 5','upload/product/1702474914356-toan-nang-cao-va-boi-duong-hoc-sinh-gioi-lop-5.jpg','Toán Nâng Cao Và Bồi Dưỡng Học Sinh Giỏi Lớp 5','<p>Nhằm giúp học sinh tiểu học có thể tự rèn luyện và nâng cao kiến thức môn Toán, chúng tôi đã biên soạn bộ sách “Toán nâng cao và bồi dưỡng học sinh giỏi – Nâng cao kiến thức ngoài chương trình trên lớp” dành cho học sinh từ lớp 1 đến lớp 5.</p><p>Với nhiều bài tập cơ bản và nâng cao kèm theo hướng dẫn giải chi tiết, bộ sách sẽ&nbsp; giúp học sinh tự ôn lí thuyết, đồng thời rèn luyện, nâng cao khả năng phân tích đề bài và sáng tạo trong giải Toán.</p><p>Chúng tôi mong rằng bộ sách sẽ là công cụ hữu ích cùng các em tiếp cận sâu hơn kiến thức Toán trong nhà trường cũng như khám phá ra nhiều điều lí thú của môn Toán.</p>','19 x 26.5 x 0.7 cm','1','144','23',65000,4,1,1,'2023-12-13 13:41:54','2023-12-13 13:41:54'),(66,'Bẫy Hạnh Phúc - Ngừng Vật Lộn Và Bắt Đầu Sống','upload/product/1702475403286-bay-hanh-phuc.jpg','Bẫy Hạnh Phúc - Ngừng Vật Lộn Và Bắt Đầu Sống','<p><strong>Bẫy Hạnh Phúc</strong>&nbsp;– Một cuốn sách viết về kiếm tìm hạnh phúc với những phương pháp đã được kiểm chứng bằng khoa học, đã được dịch ra hơn 30 ngôn ngữ, đã bán được hơn 1 triệu bản và đã được áp dụng bởi nhiều chuyên gia tư vấn tâm lý trên toàn thế giới.</p><p>Hạnh phúc là gì? Một cuộc sống hạnh phúc thực sự như thế nào? Làm sao để có được hạnh phúc? Bạn có bị mắc kẹt trong chiếc bẫy hạnh phúc không?</p><p>Trong cuốn sách này, Tiến sĩ Russ Harris giải thích cách hầu hết chúng ta cố gắng tìm kiếm hạnh phúc nhưng kết cục lại khiến bản thân đau khổ, căng thẳng và lo lắng. Để rồi Russ Harris cung cấp cho bạn một phương tiện để thoát khỏi đại dịch căng thẳng, lo lắng và trầm cảm, mở ra những bí mật để có một cuộc sống thực sự trọn vẹn.</p><p>Đó chính là Liệu pháp Chấp nhận và Cam kết (ACT). Liệu pháp này sẽ giúp bạn giải phóng bản thân khỏi trầm cảm, lo lắng và bất an, thay vào đó xây dựng một cuộc sống ý nghĩa, hiểu rõ giá trị của bạn, phát triển lòng trắc ẩn và tìm thấy sự hài lòng thực sự với hướng dẫn lớn hơn và tốt hơn để:</p><p>•&nbsp; Giảm căng thẳng và lo lắng</p><p>•&nbsp; Xử lý những suy nghĩ và cảm xúc đau đớn hiệu quả hơn</p><p>•&nbsp; Phá vỡ thói quen tự hạ thấp bản thân</p><p>•&nbsp; Vượt qua sự bất an và nghi ngờ bản thân</p><p>•&nbsp; Xây dựng mối quan hệ tốt hơn</p><p>•&nbsp; Cải thiện hiệu suất và tìm kiếm sự thỏa mãn trong công việc</p>','15 x 23 x 2 cm','1','411','22',203000,3,1,3,'2023-12-13 13:50:03','2023-12-13 13:50:03'),(67,'Cái Bẫy Của Trí Thông Minh','upload/product/1702475678451-cai-bay-cua-tri-thong-minh.jpg','Cái Bẫy Của Trí Thông Minh','<p><strong>Cuốn sách dành cho cả bộ môn khoa học và nghệ thuật về trí tuệ</strong></p><p>Vì sao những người thông minh lại hành động ngớ ngẩn? Họ mắc sai lầm là do thiếu sót những kỹ năng và tố chất nào? Và làm thế nào chúng ta có thể trau đồi các năng lực ấy để bảo vệ bản thân khỏi sai lầm tương tự?</p><p>Tác giả David Robson trong cuốn sách <strong>Cái Bẫy Của Trí Thông Minh</strong> đã tìm câu trả lời trong mọi thứ bậc xã hội, bắt đầu với cá nhân và kết thúc với những sai lầm mà các tổ chức lớn đang mắc phải.</p><p>Cuốn sách này viết về nguyên nhân khiến những người thông minh hành động ngớ ngẩn và vì sao trong một số trường hợp họ lại dễ mắc sai lầm hơn những người bình thường. Cuốn sách cũng đưa ra các chiến lược mà tất cả chúng ta có thể áp dụng để tránh mắc phải những sai lầm tương tự: những bài học giúp chúng ta suy nghĩ kỹ càng và sáng suốt hơn trong thế giới hậu sự thật này.</p><p><strong>The Intelligence Trap: Why Smart People Make Dumb Mistakes</strong> như Paul Frampton – một nhà vật lý học tài ba đã bị lừa mang 2kg ma túy qua biên giới Argentina và tác giả nổi tiếng Arthur Conan Doyle đã bị hai nữ sinh lừa gạt. Chúng ta cũng sẽ nhận ra các sai lầm tương tự trong cách tư duy có thể khiến cho bất cứ ai với trí thông minh hơn mức trung bình bị đánh lừa.</p>','15.5 x 23.5 x 2 cm','1','408','12',250000,3,1,4,'2023-12-13 13:54:38','2023-12-13 13:54:38'),(68,'\"Dọn Dẹp\" Công Việc, Gọn Gàng Tâm Trí','upload/product/1702475758699-don-dep-cong-viec-gon-gang-tam-tri.jpg','\"Dọn Dẹp\" Công Việc, Gọn Gàng Tâm Trí','<p>Cuốn sách này không chỉ nói về cách dọn dẹp không gian làm việc của bạn. Nó còn nói về cách sắp xếp nhiều khía cạnh của công việc, bao gồm dữ liệu số, thời gian, việc đưa ra quyết định và mạng lưới quan hệ, cũng như cách tạo niềm vui trong sự nghiệp của bạn. Hơn thế nữa, nó còn nhấn mạnh tầm quan trọng của việc nuôi dưỡng văn hóa làm việc tích cực và thúc đẩy các mối quan hệ bền chặt tại nơi làm việc. Tác giả của cuốn sách đã khám phá ra được sức mạnh của lòng biết ơn, giao tiếp hiệu quả sẽ tạo ra một bầu không khí làm việc hài hòa và vui vẻ.</p><p>Xuyên suốt cuốn sách là những ví dụ điển hình của các cá nhân đến từ nhiều ngành nghề đã tiến hành thực hiện những nguyên tắc và phương pháp để thay đổi cuộc sống của họ. Những câu chuyện này truyền cảm hứng và minh họa tác động tiềm năng của việc kết hợp niềm vui vào hành trình nghề nghiệp của một cá nhân.</p><p>Bằng cách thực hiện những lời khuyên và nguyên tắc thiết thực được chia sẻ trong cuốn sách, độc giả có thể khám phá ra cảm giác mới mẻ về sự nhiệt tình, năng suất và sự hài lòng trong cuộc sống lẫn nghề nghiệp của họ.</p><p>Cuốn sách này dành cho ai?</p><p>- Đối tượng gặp khó khăn trong việc sắp xếp công việc một cách khoa học.</p><p>- Đối tượng gặp khó khăn trong việc đưa ra những quyết định quan trọng.</p><p>- Đối tượng dần quên mất đi những gì mình muốn làm bởi những vòng quay lặp lại trong công việc.</p><p>- Đối tượng muốn sắp xếp lại mọi thứ theo quỹ đạo và tận hưởng công việc theo một cách thích thú nhất,</p>','17 x 24 x 0.6 cm','1','300','50',200000,3,1,10,'2023-12-13 13:55:58','2023-12-13 13:55:58'),(69,'Hài Nhiều Chút Cho Đời Vui Hơn','upload/product/1702475831288-hai-nhieu-chut-cho-doi-vui-hon.jpg','Hài Nhiều Chút Cho Đời Vui Hơn','<p><i>“Cuốn sách có thể không biến bạn thành diễn viên hài nổi tiếng, nhưng nó sẽ mở toang tấm màn để bạn có thể hiểu được cách họ suy nghĩ, đồng thời hướng dẫn bạn một số phương thức gây cười mới”.&nbsp;— ADAM GRANT - Người dẫn chương trình podcast TED WorkLife</i></p><p><strong>Hài hước giúp chúng ta “người” hơn</strong></p><p>Nếu vắng bóng sự hài hước, rất khó để nói về một điều gì đó sâu sắc và ý nghĩa. Nếu thiếu vắng sự hài hước, tất cả đều trở nên quá hiển nhiên, quá rõ ràng. Câu chuyện không chạm được tới khán giả; nó không khác gì những bài giảng.</p><p>Hài hước không phải là những câu pha trò hay hành động đùa giỡn xuất hiện tùy ý – nó phải nảy sinh tự nhiên từ chính các nhân vật. Không gian và chất liệu tạo ra sự hài hước trong diễn biến của một bộ phim, hoặc sự chuyển hóa của một nhân vật, là thứ tạo ra ý nghĩa cho khán giả.</p>','14 x 20.5 x 1.6 cm','1','306','12',168000,3,2,9,'2023-12-13 13:57:11','2023-12-13 13:57:11'),(70,'Kỹ Năng Quản Lý Cảm Xúc','upload/product/1702475961612-ky-nang-quan-ly-cam-xuc.jpg','Kỹ Năng Quản Lý Cảm Xúc','<p><strong>Kỹ Năng Quản Lý Cảm Xúc</strong></p><p>Nhà tâm lý học và triết gia người Mỹ William James từng nói:</p><p><i>“Hành động tưởng chừng đi sau cảm xúc, nhưng thực ra hành động và cảm xúc đi cùng nhau; và bằng cách điều chỉnh hành động, thứ mà ý chí có thể trực tiếp điều khiển, chúng ta có thể gián tiếp điều chỉnh cảm xúc, thứ mà ý chí không thể.”</i></p><p>Xuất phát từ quan điểm này, tác giả Khánh Ca - người sở hữu nhiều bài viết với hàng nghìn lượng chia sẻ trên các diễn đàn Trung, đã đưa ra bộ lời khuyên đề cao tính hành động trong cuốn sách <strong>“KỸ NĂNG QUẢN LÝ CẢM XÚC”</strong> của mình. Thông qua những câu chuyện đời thực của rất nhiều cá nhân đã tìm ra cách hoàn thiện bản thân theo hướng tốt đẹp hơn, <strong>“KỸ NĂNG QUẢN LÝ CẢM XÚC”</strong> chính là cuốn sách giúp bạn tiến gần hơn đến cái đích:</p><p>- Có cho mình suy nghĩ khách quan, quyết định sáng suốt và hành động đúng đắn</p><p>- Hạn chế xung đột, mâu thuẫn trong công việc và cuộc sống</p><p>- Tạo ấn tượng tốt với đồng nghiệp, bạn bè và những người xung quanh</p><p>- Giảm thiểu nguy cơ mắc các bệnh lý về thể chất và tinh thần</p><p>Bí quyết của sự chuyển hóa năng lượng tiêu cực thành tích cực không phải lúc nào cũng nằm ở bên trong mỗi chúng ta mà đôi khi một sự thay đổi nhỏ của ngoại cảnh hay một tác động vừa đủ của lời nói mới chính là thứ tạo nên sự thay đổi rõ rệt nhất. Và cuốn sách này sẽ hướng dẫn bạn làm điều đó.</p><p>Với <strong>“KỸ NĂNG QUẢN LÝ CẢM XÚC”</strong>, bạn có thể tin rằng những kiến thức và lời khuyên trong sách sẽ khiến bản thân bạn tốt lên từng ngày theo cách đến chính bạn cũng phải ngạc nhiên.</p>','20.5 x 14.5 x 1.1 cm','1','250','22',125000,3,3,9,'2023-12-13 13:59:21','2024-01-05 06:11:09'),(71,'Luật Hấp Dẫn Về Mối Quan Hệ','upload/product/1702476034043-luat-hap-dan-ve-moi-quan-he.jpg','Luật Hấp Dẫn Về Mối Quan Hệ','<p>Câu trả lời bạn cần có trong <strong>Luật hấp dẫn về mối quan hệ</strong>, một cuốn “sách giáo khoa” phác họa 7 kiểu người bạn mà một người thường sẽ gặp và kết nối trong quá trình lớn lên. Đó là:</p><ul><li>Chương 1: Người bạn đồng hành</li><li>Chương 2: Người khai sáng thời sinh viên</li><li>Chương 3: Những đồng nghiệp đầu tiên</li><li>Chương 4: Cấp trên</li><li>Chương 5: Đối tác đáng tin cậy</li><li>Chương 6: Tri kỷ</li><li>Chương 7: Bạn đời</li></ul><p>Với mỗi kiểu người này, tác giả sẽ nêu lên đặc điểm ở người đáng để kết nối và người tuyệt đối nên tránh để bạn có căn cứ lựa chọn mối quan hệ. Nhờ vậy, xác suất chọn sai người đồng hành, người bạn, người tri kỷ, người yêu, người bạn đời của bạn sẽ thấp nhất có thể.</p><p>Bên cạnh đó, tác giả cũng sẽ giúp người đọc phân biệt “bạn” và “bè”, “bạn thân” hay “thân ai nấy lo”? một cách dễ dàng. Nếu bạn đang gặp rắc rối với tình bạn hoặc muốn cải thiện và hấp dẫn những mối quan hệ chất lượng hơn thì cuốn sách này thật sự cần thiết.</p>','14.5 x 20.5 x 1.4 cm','1','272','50',130000,3,1,10,'2023-12-13 14:00:34','2023-12-13 14:00:34'),(72,'Nghệ Thuật Hiện Diện','upload/product/1702476109164-nghe-thuat-hien-dien.jpg','Nghệ Thuật Hiện Diện','<p>Làm thế nào để chúng ta nổi bật trong thị trường việc làm cạnh tranh hiện tại khi có rất nhiều người thông minh, có năng lực ngoài kia?</p><p>Câu trả lời nằm trong <strong>“Nghệ thuật hiện diện”</strong> - một cuốn sách được viết bởi nhà sáng lập trường đào tạo kỹ năng Palm Beach Jacqueline Whitmore - người chuyên cung cấp các chương trình đào tạo về ứng xử dành cho các doanh nghiệp lớn trên thế giới.</p><p>Qua từng trang sách, Jacqueline sẽ chỉ cho bạn cách tiến gần hơn mục tiêu mà mình mong muốn thông qua bốn bước: Thay đổi diện mạo - Tạo dấu ấn - Xây thương hiệu và Khẳng định vị thế, với các bài viết thực hành giúp tạo nên dấu ấn cá nhân như: xây dựng tủ đồ thông minh, giao tiếp ứng xử khéo léo, phát triển mạng lưới quan hệ và phong thái làm việc chuyên nghiệp. Qua đó, bạn không chỉ nâng cao giá trị bản thân mà còn có thể tận dụng chính sự độc đáo của mình để mang lại sự hữu ích cho công ty, khách hàng và môi trường xung quanh nói chung.</p><p>Và đừng quên: “Nhiều hơn vẻ bề ngoài hào nhoáng có thể ngụy tạo, sự hiện diện dù trong thinh lặng vẫn có sức nặng hơn những lời nói ồn ào nhưng trống rỗng.”</p>','14 x 20.5 x 1.1 cm','1','218','16',155000,3,4,10,'2023-12-13 14:01:49','2023-12-13 14:01:49'),(73,'Phụ Nữ - Đừng Kiệt Sức Vì Sự Hoàn Hảo','upload/product/1702476208339-phu-nu-dung-kiet-suc-vi-su-hoan-hao.jpg','Phụ Nữ - Đừng Kiệt Sức Vì Sự Hoàn Hảo','<p><strong>Tình trạng kiệt sức ở phụ nữ</strong></p><p>Trước đây, hầu hết các nghiên cứu về tình trạng Burnout đều khai thác khía cạnh kiệt sức trong công việc và đặc biệt quan tâm đến “những người làm công việc hỗ trợ những người khác” như giáo viên hay y tá. Nhưng khía cạnh “kiệt sức trong vai trò cha mẹ” cũng đang được nghiên cứu khoa học quan tâm.</p><p>Trọng bốn mươi năm kể từ khi thuật ngữ này ra đời, nghiên cứu tìm ra yếu tố đầu tiên của tình trạng Burnout – cạn kiệt cảm xúc – chính là tác nhân lớn nhất gây ra tác động tiêu cực đối với sức khỏe, mối quan hệ và công việc của con người, đặc biệt là phụ nữ.</p><p><strong>Cuốn sách dành cho những phụ nữ cảm thấy đang kiệt sức</strong></p><p>“Phụ nữ - Đừng kiệt sức vì sự hoàn hảo” là cuốn sách dành cho bất kỳ người phụ nữ nào cảm thấy quá tải và kiệt sức với mọi công việc mình phải làm, nhưng vẫn cứ lo là mình chưa làm “đủ”.</p><p>Cuốn sách này không giống với bất kỳ cuốn sách nào khác mà bạn từng đọc về tình trạng “Burnout” (tình trạng kiệt sức). Chúng ta sẽ cùng nhau tìm hiểu trong cuộc đời của chính bạn, như thế nào mới thực sự là sức khỏe và hạnh phúc. Chúng ta sẽ đối mặt với những rào cản ngăn cách bạn và sự viên mãn. Chúng tôi sẽ đưa những rào cản này vào bối cảnh thực tế để chúng tôi có thể khám phá cụ thể hơn. Và kèm theo đó là khoa học.</p><p>Cuốn sách “Phụ nữ - Đừng kiệt sức vì sự hoàn hảo” được chia làm 3 phần:</p><p>Phần đầu cuốn sách giải thích 3 nguồn nội lực mà chúng ta mang theo bên mình: chu kỳ ứng phó căng thẳng, “bộ kiểm tra” (cơ chế kiểm soát cảm xúc thất vọng của não) và ý nghĩa của cuộc sống.</p><p>Phần 2 cuốn sách chỉ ra nguyên nhân, “phụng thù thực sự” khiến phụ nữ trở nên cống hiến cảm xúc.</p><p>Phần 3 là kiến thức để đánh bại những “quân thù thực sự” này. Hóa ra có những công việc cụ thể mà chúng ta có thể làm hằng ngày để trở nên mạnh mẽ và chiến thắng kẻ thù.</p><p>Xuyên suốt cuốn sách BURNOUT: Bí quyết mở khóa chu kỳ căng thẳng, bạn sẽ theo dõi câu chuyện của hai người phụ nữ: Julie, một giáo viên trường công lập luôn bị quá tải, đến mức có thể sa lầy đến mức báo động; và Sophie, một kỹ sư quyết định mình không thể mãi mãi bị thao túng bởi chế độ phụ quyền. Những phụ nữ này là tác phẩm tổng hợp từ những mảnh ghép của hàng chục phụ nữ ngoài đời thực, được biên soạn thành một câu chuyện hoàn chỉnh.</p><p>Hãy cùng hai tác giả Emily Nagoski, PhD và Amelia Nagoski Peterson, DMA cuộc khởi nghĩa cuộc sống cạn kiệt của bạn nhé!</p>','20.5 x 14 x 1.8 cm','1','360','22',269000,3,1,9,'2023-12-13 14:03:28','2023-12-13 14:03:28'),(74,'Siêu Tập Trung - Tăng Hiệu Quả','upload/product/1702476314072-sieu-tap-trung-tb-2023.jpg','Siêu Tập Trung - Tăng Hiệu Quả','<p><strong>Những chỉ dẫn về cách làm chủ sự chú ý qua “Siêu tập trung”</strong></p><p>Cuốn sách mang đến những chỉ dẫn tuyệt vời về cách làm chủ sự chú ý của bản thân. Qua cuốn sách nay, Chris Bailey sẽ giup bạn hiểu về sự tập trung và làm thế nào để làm việc, sáng tạo một cách hiệu quả. Đừng lo lắng rằng cuốn sách này chỉ toàn lý thuyết, có rất nhiều những hướng dẫn, công cụ tuyệt vời ở đây khiến bạn chỉ muốn thử thực hành ngay lập tức.</p><p>Qua lối trình bày sinh động, dễ hiểu, tác giả Chris Bailey viết về một chủ đề hết sức thiết thực: sự hiệu quả. Trong thế giới ai ai cũng muốn vừa thành công trong sự nghiệp, vừa muốn xây dựng những thế hệ tiếp nối năng động va chất lượng, Siêu tập trung có một giải pháp tuyệt vời cho họ. Qua từng trang sách, bạn sẽ được tiết lộ về cách thức tập hợp sức mạnh tập trung để tạo ra thanh quả. Nếu chúng ta mong muốn thành công và hạnh phúc, chúng ta cần phải bắt đầu bằng cách tập trung vào những gì chúng ta định tập trung vào.</p><p>Có thể coi <strong>SIÊU TẬP TRUNG: Tăng hiệu quả trong một thế giới đa đoan</strong> là một cuốn sách “khoa học ứng dụng”, một cuốn sách sẽ phát lộ những tìm tòi thú vị về sự tập trung đồng thời giúp bạn kết nối chúng vào cuộc sống thường ngày, nhằm khám phá những cách có thể giúp bạn kiểm soát sự chú ý của mình tốt hơn, qua đó dần trở nên hiệu quả và sáng tạo hơn.</p>','14 x 20.5 x 1.5 cm','1','308','49',140000,3,2,1,'2023-12-13 14:05:14','2024-01-05 06:11:09'),(75,'Sức Khỏe Tốt, Học Tập Tốt','upload/product/1702476400387-suc-khoe-tot-hoc-tap-tot.jpg','Sức Khỏe Tốt, Học Tập Tốt','<p>Ta đều có nhận thức về mối quan hệ giữa trạng thái vui vẻ và việc học, nhưng chưa bao giờ nghĩ về nó hoặc ưu tiên nó. Bởi vậy, ta có khả năng sa vào những hành vi và thói quen xấu, khiến ta học được ít hơn, từ đó cảm thấy bớt hứng thú hơn với quãng thời gian làm sinh viên.</p><p><strong>Thật may là có rất nhiều cách có thể giúp bạn nâng cao cả trạng thái vui khỏe lẫn kết quả học tập</strong></p><p>Dù không thể kiểm soát mọi thứ xảy đến trong đời, ta vẫn có thể tác động được tới trạng thái vui khỏe của bản thân nhiều hơn ta tưởng. Ngay cả trong hoàn cảnh éo le nhất, luôn có cách để ta cải thiện</p><p>Điều gì đúng với trạng thái vui khỏe thì đúng với việc học và khả năng học tập. Ngay cả khi biết rằng kĩ năng, hiểu biết và năng lực là những thứ có thể cải thiện được, thật khó để tìm ra động lực để thực sự nỗ lực, rèn luyện hay tìm kiếm sự trợ giúp. Trong cuốn sách này, ta sẽ cùng khám phá những cách thức khác nhau để vừa nâng cao trạng thái vui khỏe, vừa cải thiện kết quả học tập của bạn. Bạn hoàn toàn có thể cùng lúc đạt được cả hai yếu tố này.</p>','14.5 x 20.5 x 1.6 cm','1','328','21',290000,3,2,9,'2023-12-13 14:06:40','2024-01-05 06:11:09'),(76,'Sướng Khổ Tiêu Tiền ','upload/product/1702476500110-suong-kho-tieu-tien.jpg','Sướng Khổ Tiêu Tiền ','<p>Tiêu tiền bạt mạng là phù phiếm, là nông cạn, là đáng bị lên án!</p><p>Tiêu vì mình thích, tiêu để mình vui là trẻ con, là suy nghĩ không chín chắn!</p><p>Ai ai cũng nói như vậy, nhưng... có thật là như vậy không?</p><p>Không ăn nhiều sao biết món ngon, không mặc nhiều sao biết đồ tốt, không tiêu nhiều sao biết tiêu tiền đúng cách.</p><p>Không thử - sai không phải tuổi trẻ, không thử - sai không phải thanh xuân, không thử - sai không phải...</p><p>Sướng khổ tiêu tiền. Trong cuốn sách này, tác giả Yeahee Shin đưa ra một chân lý vĩnh hằng: \"Cứ sai đi đừng sợ!\". Dám thử sám sai, bạn mới tìm được \"chân ái\" của đời mình... giống như tác giả: robot lau nhà, quần áo xếp ly, apps đặt đồ ăn và đi chợ hộ,...</p><p>Đời là mấy tí sao không sống YOLO?</p><p>Nhưng... chắc cũng không nên YOLO quá nhỉ? Với giọng văn ngắn gọn, hóm hỉnh, Sướng khổ tiêu tiền sẽ chỉ cho bạn thấy cách sống \"bạt mạng\" mà vẫn an toàn.</p>','17 x 24 x 0.6 cm','1','132','50',86000,3,4,10,'2023-12-13 14:08:20','2023-12-13 14:08:20'),(77,'Tôi Ghét Thứ Gọi Là Lo Lắng','upload/product/1702476645854-toi-ghet-thu-goi-la-lo-lang.jpg','Tôi Ghét Thứ Gọi Là Lo Lắng','<p>Mỗi sáng thức dậy, chúng ta loạng choạng bước đi trên một quả bom hẹn giờ đang xoay được gọi là Trái Đất, mục tiêu cơ bản của mỗi người là vượt qua một ngày trước mắt. Một vài người cố gắng kiếm tìm những thứ khác như thành công, sự thảnh thơi hay những lời yêu thương từ ai đó. Phần còn lại thì luôn trong trạng thái lo lắng và chỉ mong rằng mình không phải đối mặt với điều gì quá khủng khiếp. Trong đầu họ dường như lúc nào cũng tồn tại những câu hỏi đại loại là “Nếu như… thì sao?”.</p><p>Trong tất cả những nỗi lo đó sẽ có những điều là vô lý nhưng cũng sẽ có những điều thật sự có thể xảy ra. Rắc rối có thể ập đến bất kỳ lúc nào, đó chính là quy luật của cuộc sống.</p><p>Vậy, nếu vấn đề đó thật sự xảy ra, bạn sẽ phản ứng thế nào? Là sững sờ hay sợ sệt? Là khóa cửa phòng tắm lại và khóc hay ngửa cổ lên trời và hét to? Hay bạn sẽ cố để vờ như mọi chuyện chưa từng xảy ra?</p>','14 x 20 x 1.2 cm','1','232','12',89000,3,4,10,'2023-12-13 14:10:45','2023-12-13 14:10:45'),(78,'Thám Tử Lừng Danh Conan - Những Giây Cuối Cùng Tới Thiên Đường','upload/product/1702476732791-conan.jpg','Thám Tử Lừng Danh Conan - Những Giây Cuối Cùng Tới Thiên Đường','<p>Trước ngày khánh thành tòa tháp đôi tại tỉnh Nishitama, Conan bắt gặp chiếc Porsche của tổ chức áo đen đỗ gần đó. Cuối tuần ấy, hai vụ án mạng thảm khốc diễn ra, nạn nhân đều liên quan đến hai tòa tháp. Genta và tiến sĩ Agasa để ý thấy Haibara lén lút gọi điện thoại lúc nửa đêm. Phải chăng tất cả đều do bàn tay của tổ chức áo đen? Haibara đang bí mật liên hệ với ai? Trong lúc theo đuổi những bí mật chưa lời giải, nơi tòa nhà chọc trời không lối thoát, đội thám tử nhí bị dồn vào tình thế gàn cân treo sợ tóc…!</p>','11.3 x 17.6 x 1 cm','1','176','22',50000,2,3,4,'2023-12-13 14:12:12','2023-12-13 14:12:12'),(79,'One Piece 106','upload/product/1702476943063-2023_08_14_16_57_32_1-390x510.jpg','One Piece 106','<h2><strong>One Piece 106</strong></h2>','17 x 24 x 0.6 cm','827','122','50',59000,2,4,2,'2023-12-13 14:15:43','2023-12-13 14:15:43'),(80,'Kỹ Năng Sống Cho Trẻ - Kỹ Năng Tự Lập Không Khó Đâu','upload/product/1702515972273-ky-nang-tu-lap-khong-kho-dau.jpg','Kỹ Năng Sống Cho Trẻ - Kỹ Năng Tự Lập Không Khó Đâu','<p>Trong thế giới ngày nay, việc giáo dục trẻ em về kỹ năng bảo vệ bản thân trở nên ngày càng quan trọng. Việc này không chỉ giúp trẻ tự bảo vệ mình khỏi nguy cơ rủi ro mà còn giúp bé phát triển tư duy, tự tin và tạo ra một tầm nhìn tích cực về bản thân. Dưới đây là những lợi ích quan trọng của việc giúp trẻ phát triển kỹ năng bảo vệ bản thân.</p><p>1. Tăng Cường Tự Tin và Tự Trọng: Kỹ năng bảo vệ bản thân giúp trẻ xây dựng sự tự tin trong việc đối mặt với các tình huống khó khăn. Việc biết cách tự bảo vệ giúp bé cảm thấy mạnh mẽ và đủ sức mạnh để đối mặt với những thách thức trong cuộc sống hàng ngày.</p><p>2. Hiểu Biết Về Rủi Ro và An Toàn: Khi trẻ biết cách bảo vệ bản thân, họ cũng hiểu rõ hơn về các nguy cơ và rủi ro xung quanh mình. Điều này giúp bé phát triển tư duy nhìn nhận và quyết định thông minh trong mọi tình huống.</p><p>3. Phòng Ngừa Bạo Lực và Quấy Rối: Kỹ năng bảo vệ bản thân giúp trẻ nhận diện và phòng tránh các tình huống bạo lực và quấy rối. bé có khả năng xây dựng ranh giới, nói không khi cần thiết và bảo vệ tình cảm và sức khỏe tâm lý của mình.</p>',' 18 x 25 x 0.2 cm','1','32','50',32000,6,3,10,'2023-12-14 01:06:12','2023-12-14 01:06:12'),(81,'Hành Trình Khám Phá - Côn Trùng','upload/product/1702516032877-hanh-trinh-kham-pha-con-trung.jpg','Hành Trình Khám Phá - Côn Trùng','<p><strong>Côn trùng</strong> - là một cuốn sách viết về thế giới bí ẩn đầy hấp dẫn của những loài côn trùng – từ bản giao hưởng râm ran của ve sầu, vũ điệu lắc lư của loài ong cho đến tiếng kêu của dế. Trong cuốn sách 48 trang kết hợp nhiều hình họa sinh động này, bạn sẽ phải ngỡ ngàng trước những loài côn trùng nhỏ bé trên trái đất sống trong ao hồ, rừng mưa, đại dương, sa mạc… Bạn sẽ được khám phá cách côn trùng săn mồi, ăn uống, di chuyển, giao phối và xây dựng tổ ấm.</p><p>------</p><p>Với những bức ảnh sinh động cùng hình minh họa ba chiều chân thực, bộ sách&nbsp;<strong>Hành trình khám phá</strong>&nbsp;sẽ giúp bạn khai phá nhiều bí ẩn thú vị về thiên nhiên, động - thực vật, thậm chí là chính cơ thể chúng ta. 20 chương gồm những nội dung xoay quanh chủ đề chính của cuốn sách kết hợp với những lời giải thích ngắn gọn, dễ hiểu và khoa học.&nbsp;<strong>Hành trình khám phá</strong>&nbsp;là một bộ sách khoa học gồm có 5 cuốn, bao gồm: Môi trường, Cơ thể người, Động vật, Côn trùng, Thực vật.</p><p>Bộ sách hứa hẹn sẽ đưa bạn lên chuyến hành trình khám phá đầy hấp dẫn và ngoạn mục; phù hợp với những nhà nghiên cứu hoặc giáo viên làm việc ở lĩnh vực liên quan, những độc giả quan tâm và yêu thích khoa học khám phá.</p>','23 x 28 x 0.6 cm','1','46','52',120000,6,2,9,'2023-12-14 01:07:12','2023-12-14 01:07:12'),(82,'Hành Trình Khám Phá - Thực Vật','upload/product/1702516136682-hanh-trinh-kham-pha-thuc-vat.jpg','Hành Trình Khám Phá - Thực Vật','<p><strong>Thực Vật</strong> - là một cuốn sách tựa như thế giới thu nhỏ của những loài thực vật. Thế giới này luôn chứa đựng những điều bất ngờ thú vị đến khó tin. Thông qua cuốn sách này, độc giả sẽ được tìm hiểu vai trò của thảm thực vật đối với sự tồn tại của mọi dạng sống trên trái đất, và cách thức chúng thích nghi để phát triển ở muôn nơi từ rừng núi đến ao hồ, đại dương hay sa mạc khô cằn. Bạn có biết tại sao lá lại đổi màu, thực vật lấy thức ăn từ đâu, sinh sản và tự vệ như thế nào không? Tất cả câu trả lời sẽ được tìm thấy qua những trang sách màu với hình ảnh minh họa 3D và những lời giải thích ngắn gọn, dễ hiểu của cuốn sách này.<br>&nbsp;</p><p>------</p><p>Với những bức ảnh sinh động cùng hình minh họa ba chiều chân thực, bộ sách&nbsp;<strong>Hành trình khám phá</strong>&nbsp;sẽ giúp bạn khai phá nhiều bí ẩn thú vị về thiên nhiên, động - thực vật, thậm chí là chính cơ thể chúng ta. 20 chương gồm những nội dung xoay quanh chủ đề chính của cuốn sách kết hợp với những lời giải thích ngắn gọn, dễ hiểu và khoa học.&nbsp;<strong>Hành trình khám phá</strong>&nbsp;là một bộ sách khoa học gồm có 5 cuốn, bao gồm: Môi trường, Cơ thể người, Động vật, Côn trùng, Thực vật.</p><p>Bộ sách hứa hẹn sẽ đưa bạn lên chuyến hành trình khám phá đầy hấp dẫn và ngoạn mục; phù hợp với những nhà nghiên cứu hoặc giáo viên làm việc ở lĩnh vực liên quan, những độc giả quan tâm và yêu thích khoa học khám phá.</p>','17 x 24 x 0.6 cm','1','56','12',120000,6,1,4,'2023-12-14 01:08:56','2023-12-14 01:08:56'),(83,'Hành Trình Khám Phá - Động Vật','upload/product/1702516200793-hanh-trinh-kham-pha-dong-vat.jpg','Hành Trình Khám Phá - Động Vật','<p><strong>Động Vật</strong>&nbsp;- là một cuốn sách bổ ích giúp độc giả khám phá những cách thức đáng kinh ngạc mà các loài động vật - từ chim, cá và bò sát, đến côn trùng nhỏ bé hay động vật có vú khổng lồ - sử dụng để thích nghi với những thách thức của cuộc sống trên trái đất. Cuốn sách này sẽ giúp bạn tìm lời giải đáp cho những câu hỏi như: Loài mối sống ở đâu? Dơi “nhìn” trong bóng tối bằng cách nào? Bên trong bướu của lạc đà có gì? Cách một con nhện giăng tơ?...</p><p>------</p><p>Với những bức ảnh sinh động cùng hình minh họa ba chiều chân thực, bộ sách&nbsp;<strong>Hành trình khám phá</strong>&nbsp;sẽ giúp bạn khai phá nhiều bí ẩn thú vị về thiên nhiên, động - thực vật, thậm chí là chính cơ thể chúng ta. 20 chương gồm những nội dung xoay quanh chủ đề chính của cuốn sách kết hợp với những lời giải thích ngắn gọn, dễ hiểu và khoa học.&nbsp;<strong>Hành trình khám phá</strong>&nbsp;là một bộ sách khoa học gồm có 5 cuốn, bao gồm: Môi trường, Cơ thể người, Động vật, Côn trùng, Thực vật.</p><p>Bộ sách hứa hẹn sẽ đưa bạn lên chuyến hành trình khám phá đầy hấp dẫn và ngoạn mục; phù hợp với những nhà nghiên cứu hoặc giáo viên làm việc ở lĩnh vực liên quan, những độc giả quan tâm và yêu thích khoa học khám phá.</p>','17 x 24 x 0.5 cm','1','56','17',120000,6,1,3,'2023-12-14 01:10:00','2023-12-14 01:10:00'),(84,'Hành Trình Khám Phá - Môi Trường','upload/product/1702516276430-hanh-trinh-kham-pha-moi-truong.jpg','Hành Trình Khám Phá - Môi Trường','<p><strong>Môi Trường</strong> - là một cuốn sách đưa bạn băng qua những chuyến khám phá về môi trường sống của con người chúng ta - từ đất đá nằm dưới chân cho đến những đám mây lững lờ trôi trên bầu trời - một thế giới tuyệt vời, đa dạng sự kết nối của những chu trình, hệ thống và tiến trình sống trong tự nhiên. Thông qua cuốn sách này, độc giả có thể hiểu thêm về quá trình hiệu ứng nhà kính diễn ra như thế nào, lý do động vật phải di cư mỗi năm, vòng tuần hoàn của nước bao gồm những giai đoạn nào… Bên cạnh đó, cuốn sách còn đề cập đến những tác động từ hoạt động khai thác môi trường của con người, sau đó đưa ra các giải pháp giúp con người bảo vệ hành tinh sống của chính mình.</p><p>------</p><p>Với những bức ảnh sinh động cùng hình minh họa ba chiều chân thực, bộ sách&nbsp;<strong>Hành trình khám phá</strong>&nbsp;sẽ giúp bạn khai phá nhiều bí ẩn thú vị về thiên nhiên, động - thực vật, thậm chí là chính cơ thể chúng ta. 20 chương gồm những nội dung xoay quanh chủ đề chính của cuốn sách kết hợp với những lời giải thích ngắn gọn, dễ hiểu và khoa học.&nbsp;<strong>Hành trình khám phá</strong>&nbsp;là một bộ sách khoa học gồm có 5 cuốn, bao gồm: Môi trường, Cơ thể người, Động vật, Côn trùng, Thực vật.</p><p>Bộ sách hứa hẹn sẽ đưa bạn lên chuyến hành trình khám phá đầy hấp dẫn và ngoạn mục; phù hợp với những nhà nghiên cứu hoặc giáo viên làm việc ở lĩnh vực liên quan, những độc giả quan tâm và yêu thích khoa học khám phá.</p>','17 x 24 x 0.6 cm','1','56','22',120000,6,3,2,'2023-12-14 01:11:16','2024-01-05 02:26:45'),(85,'Hành Trình Khám Phá - Cơ Thể Người','upload/product/1702516359741-hanh-trinh-kham-pha-co-the-nguoi.jpg','Hành Trình Khám Phá - Cơ Thể Người','<p>Cơ thể con người vốn được xem là những cỗ máy kì diệu, nhưng liệu bạn có biết chúng hoạt động như thế nào không? Để trả lời cho câu hỏi này, bạn hãy cùng khám phá thế giới thú vị về sinh học con người - từ các tế bào đơn, cơ bắp chắc khỏe đến các cơ quan đáng kinh ngạc khác - và quá trình vận hành diễn ra bên trong cơ thể chúng ta mỗi ngày. Khi đọc xong cuốn sách này, bạn có thể tìm được lời giải đáp cho những câu hỏi: Cơ thể chúng ta chuyển hóa thức ăn thành nhiên liệu như thế nào? Phổi giúp con người thở ra sao? Chúng ta chống lại vi sinh vật bằng cách nào?...</p><p>------</p><p>Với những bức ảnh sinh động cùng hình minh họa ba chiều chân thực, bộ sách <strong>Hành trình khám phá</strong> sẽ giúp bạn khai phá nhiều bí ẩn thú vị về thiên nhiên, động - thực vật, thậm chí là chính cơ thể chúng ta. 20 chương gồm những nội dung xoay quanh chủ đề chính của cuốn sách kết hợp với những lời giải thích ngắn gọn, dễ hiểu và khoa học. <strong>Hành trình khám phá</strong> là một bộ sách khoa học gồm có 5 cuốn, bao gồm: Môi trường, Cơ thể người, Động vật, Côn trùng, Thực vật.</p><p>Bộ sách hứa hẹn sẽ đưa bạn lên chuyến hành trình khám phá đầy hấp dẫn và ngoạn mục; phù hợp với những nhà nghiên cứu hoặc giáo viên làm việc ở lĩnh vực liên quan, những độc giả quan tâm và yêu thích khoa học khám phá.</p>','17 x 24 x 0.6 cm','1','66','49',130000,6,2,1,'2023-12-14 01:12:39','2024-01-05 02:26:45'),(86,'Hello Ruby - Hành Trình Kì Thú Bên Trong Máy Tính','upload/product/1702516455057-hanh-trinh-ki-thu-ben-trong-may-tinh.jpg','Hello Ruby - Hành Trình Kì Thú Bên Trong Máy Tính','<p>Ruby thấy buồn chán quá đi, nhưng may sao máy tính của bố lúc nào đầy thứ diệu kì. Hôm nay máy tính lại hỏng – ai sẽ tìm được Con Trỏ mất tích đây? Ruby và chú chuột trắng rơi vào bên trong máy tính và gặp gỡ những người bạn mới rất thú vị. Ai đang sống trong máy tính? Và ai đã để lại dấu chân trên khắp màn hình của bố?<br>&nbsp;</p><p>Bên trong máy tính chứa đầy những thứ thú vị. Bạn có muốn thử ngó vào không? Hãy cùng tìm hiểu cách máy tính vận hành như thế nào với Ruby nhé!</p><p>--------</p><p><strong>Hello Ruby</strong> là một trong những bộ truyện tranh thiếu nhi hấp dẫn phục vụ việc dạy và học phát triển kĩ năng số cho trẻ nhỏ ở nhiều trường học tại Phần Lan. Bộ sách Hello Ruby đã thổi “làn gió mới” trong việc phát triển năng lực và trang bị những kiến thức về công nghệ thông tin. Chẳng phải những trang sách dày đặc chữ nghĩa khó hiểu hay các con số khô khan, thế giới của Hello Ruby là những bức tranh rực rỡ sắc màu, là những chuyến du hành vui vẻ và rộn rã tiếng cười, là những bài tập thực hành dễ hiểu, dễ thực hiện, kích thích sáng tạo – tư duy logic và khơi gợi niềm yêu thích công nghệ, máy tính và lập trình.</p>','17 x 24 x 0.5 cm','1','78','22',125000,6,3,3,'2023-12-14 01:14:15','2023-12-14 01:14:15'),(87,'Ba Chuyện Kể Về Dinh Thự Fleurville','upload/product/1702516562399-ba-chuyen-ke-ve-dinh-thu-fleurville.jpg','Ba Chuyện Kể Về Dinh Thự Fleurville','<p>Nghịch ngợm và láu táu, cô bé Sophie không ngừng làm những trò dại dột, khiến người lớn phải đau đầu... Cuộc sống của Sophie sẽ ra sao khi cô bé sớm phải đối diện với những mất mát ngay từ khi còn rất nhỏ?</p><p>Nỗi bất hạnh của Sophie, Những cô bé ngoan và Kì nghỉ – bộ ba tác phẩm kinh điển của Nữ Bá tước De Ségur được tập hợp lại trong cuốn sách mang tên Ba chuyện kể về dinh thự Fleurville. Ba câu chuyện được Jean-Pierre Kerloc’h kể lại một cách ngắn gọn và hóm hỉnh. Lời kể tinh nghịch kết hợp cùng tranh minh họa ấn tượng, giúp các nhân vật trong sách hiện lên thêm phần sống động và tươi mới.</p><p>Cuốn sách là sự tôn vinh đẹp đẽ đối với những tác phẩm vượt thời gian của Nữ Bá tước De Ségur, và là món quà thú vị dành cho bạn đọc nhỏ tuổi.</p>','17 x 24 x 0.6 cm','1','94','23',115000,6,1,10,'2023-12-14 01:16:02','2023-12-14 01:16:02'),(88,'Bố Con Cà Khịa Và Những Bức Thư','upload/product/1702516633237-bo-con-ca-khia-va-nhung-buc-thu.jpg','Bố Con Cà Khịa Và Những Bức Thư','<p>“Tôi luôn muốn lắng nghe và ngắm nhìn cuộc sống quanh mình. Đó là một thế giới với những cuốn sách cũ, đôi dép nhỏ, những mầm cây nhú lên xanh mướt... Có rất nhiều điều sinh động cần khám phá vậy mà đôi khi tôi đã lướt qua.</p><p>Cuộc sống của hai gia đình ở chung, những cuộc trò chuyện cùng bố mẹ, cô chú và các sinh vật nhỏ đã cho tôi cảm hứng. Tôi muốn ghi lại những điều khiến tôi cảm thấy bất ngờ, hài hước, hay phải suy tư... Tôi nghĩ, mỗi ngày của tôi đều lấp lánh, bởi những điều đáng yêu và thú vị luôn chờ đón.”</p><p><i>- ĐOÀN LỮ THỤY PHƯƠNG</i></p><p>“Thụy Phương có sức viết đáng nể so với độ tuổi, văn phong chỉn chu, kĩ lưỡng, với những câu văn chững chạc, chuyên nghiệp. Đây cũng là tín hiệu đáng quý cho tương lai của tác giả nhí này.”</p><p><i>- Nhà phê bình VĂN GIÁ</i></p>','17 x 24 x 0.6 cm','1','56','49',43000,6,2,10,'2023-12-14 01:17:13','2024-01-05 02:26:45'),(89,'Tủ Sách Tuổi Thần Tiên - Bí Mật Trong Thung Lũng','upload/product/1702516686268-bi-mat-trong-thung-lung.jpg','Tủ Sách Tuổi Thần Tiên - Bí Mật Trong Thung Lũng','<p>Cùng bố mẹ lên Tây Nguyên, Hiền háo hức với khung cảnh núi rừng mù sương, thung lũng hoa rực rỡ, truyền thuyết li kì về hồ Đăk Xút.</p><p>Những con người như huyền thoại: già H’Klin răng tóc rụng hết lại mọc một cách lạ kì, già Đim với vườn tượng bí ẩn…</p><p>“Trận chiến” với đàn chim phá lúa của tổ thiếu niên Đ’Rao thật thú vị.</p><p>Bất chợt, Fulro xuất hiện… Mọi chuyện trở nên vô cùng nguy hiểm và gay cấn…</p><p>Câu chuyện hấp dẫn kì bí như con suối ngầm, một dòng mát trong, một dòng ấm nóng đang róc rách chảy trong hẻm đá…</p>','17 x 24 x 0.6 cm','1','56','50',35000,6,3,9,'2023-12-14 01:18:06','2023-12-14 01:18:06'),(90,'Mặc Gì Hôm Nay? - Phù Hợp Với Nghề Nghiệp','upload/product/1702516800280-mac-gi-hom-nay-phu-hop-voi-nghe-nghiep.jpg','Mặc Gì Hôm Nay? - Phù Hợp Với Nghề Nghiệp','<p>Bác đầu bếp nấu nướng thế nào nếu mặc váy múa ba-lê?</p><p>Nghệ sĩ múa biểu diễn ra sao nếu đi giày leo núi?</p><p>Thủy thủ mặc áo màu gì?</p><p>Hãy đọc bộ sách <strong>Mặc gì hôm nay?</strong> để biết nên ăn mặc thế nào cho phù hợp với từng nghề nghiệp và các hoạt động thường ngày nhé!</p><p>------</p><p>Một bộ sách nhỏ giới thiệu tới các em một đề tài đơn giản nhưng rất quan trọng: trang phục. Đó là những thứ ta mặc lên hàng ngày, nhưng em có chắc trang phục của mình đã phù hợp với bối cảnh hay chưa? Hãy cùng tìm hiểu về chủ đề mới lạ này trong hai cuốn sách vô cùng hấp dẫn nhé!</p><p>Mời các em tìm đọc trọn bộ:</p><p>Mặc gì hôm nay? - Phù hợp với nghề nghiệp</p><p>Mặc gì hôm nay? - Phù hợp với hoạt động</p>','17 x 24 x 0.5 cm','1','46','12',35000,6,2,4,'2023-12-14 01:20:00','2023-12-14 01:20:00'),(91,'Giáo Dục Giới Tính Mẫu Giáo Tiểu Học - Tớ Sắp Có Em','upload/product/1702516882919-giao-duc-gioi-tinh-mau-giao-tieu-hoc-to-sap-co-em.jpg','Giáo Dục Giới Tính Mẫu Giáo Tiểu Học - Tớ Sắp Có Em','<p>BỘ SÁCH CHO TRẺ TỪ 4 TUỔI ĐƯỢC VIỆN KHOA HỌC NÃO BỘ KHUYÊN ĐỌC!</p><p>Bộ sách <strong>\"Giáo dục giới tính mẫu giáo tiểu học\"</strong> được viết bởi chuyên gia giáo dục giới tính Hồ Nguyệt, là kết quả của nhiều năm nghiên cứu, thực hành, cùng với sự hỗ trợ và kiểm chứng thông tin từ hội đồng cố vấn giàu kinh nghiệm. Trong bối cảnh chưa có nhiều sách giáo dục giới tính \"đo ni đóng giày\" cho trẻ em châu Á, sự hiện diện của bộ sách sẽ giúp cho các em có được những kiến thức vô cùng thiết thực và bổ ích về giới tính và về cơ thể mình, từ đó góp phần bảo vệ các em khỏi những nguy cơ, hiểm họa trong sinh hoạt hàng ngày.</p><p>Bộ sách gồm 4 cuốn:</p><ul><li>Tớ bảo vệ cơ thể mình</li><li>Tớ cảm thấy thế này</li><li>Tớ sắp có em</li><li>Yêu thương và trách nhiệm</li></ul>','17 x 24 x 0.6 cm','1','76','44',130000,6,3,9,'2023-12-14 01:21:22','2023-12-14 01:21:22'),(92,'Điều Tuyệt Vời Từ Sự Sẻ Chia - Chiếc Bánh Sô-cô-la','upload/product/1702894833069-dieu-tuyet-voi-tu-su-se-chia-chiec-banh-so-co-la.jpg','Điều Tuyệt Vời Từ Sự Sẻ Chia - Chiếc Bánh Sô-cô-la','<p>Tình bạn diệu kỳ và 101 bài học cho bé!</p><p>Cáo &amp; Gà Con là đôi bạn thân. Cả hai đã có rất nhiều cuộc phiêu lưu cùng nhau. Họ rất vui vẻ nhưng không phải lúc nào cũng đồng quan điểm. Tuy nhiên, dù có bất cứ chuyện gì xảy ra, hai bạn ấy vẫn tìm ra được cách giải quyết vấn đề vô cùng độc đáo. Bộ truyện tranh cực kỳ dễ thương này bao gồm các mẩu truyện nhỏ, mỗi câu chuyện là một tình huống giúp bé học cách ứng xử và những đức tính tốt đẹp như: Biết sẻ chia, thói quen gọn gàng, rèn luyện đức tính dũng cảm, biết cách yêu thương mọi người…</p><p>12 câu chuyện nhỏ cũng là 12 tình huống dở khóc dở cười giữa đôi bạn thân trái khoáy: Chiếc bánh sô-cô-la, Chiếc búa mất tích, Bữa tiệc rắc rối, Bình minh, Mười bảy bông tuyết, Ngủ lang, Món xúp ngon lành, Vẫn ngồi, Điều bất ngờ, Chiếc giá sách mới, Chuyến chèo thuyền bất ổn, Lên lên xuống xuống.</p><p>Sách được trình bày dạng song ngữ giúp các bé vừa đọc truyện vừa họctiếng Anh một cách dễ dàng, vừa giải trí, tăng vốn từ qua những câu chuyện đậm chất nhân văn nhằm nuôi dưỡng và rèn luyện trí thông minh cảm xúc (EQ) thông qua tình bạn diệu kỳ giữa Cáo và Gà Con. Mỗi cuốn sách có kèm phần từ vựng, phiên âm và link download ph</p>','17 x 24 x 0.6 cm','4','100','50',56000,6,6,11,'2023-12-18 10:20:33','2023-12-18 10:20:33'),(95,'Hồi Ký Tù Binh Thương Trường','upload/product/1703080350401-tu-binh-thuong-truong.jpg','Hồi Ký Tù Binh Thương Trường','<p><strong>Hồi ký TÙ BINH THƯƠNG TRƯỜNG</strong> kể về sự kiện doanh nhân Nguyễn Phước Bửu Huy (tên thường gọi: Bửu Huy) đã bị Interpol Bỉ bắt khi tham dự Hội chợ Thủy sản châu Âu tại Brussels, Vương quốc Bỉ. Nguyên nhân sâu xa xuất phát từ sự cạnh tranh giữa các doanh nghiệp cá Tra, cá Basa Việt Nam và các doanh nghiệp cá Catfish Mỹ đã dẫn đến cuộc chiến thương mại giữa hai bên. Cuộc chiến này đến nay vẫn chưa chấm dứt và còn gây ra nhiều cản trở, khó khăn cho việc mở rộng thị trường cá Tra tại Mỹ.<br>&nbsp;</p><p>Tác giả là một trong những người thuộc thế hệ tiên phong, đã góp phần mở đường đưa sản phẩm cá Basa, cá Tra từ một loài cá bản địa vô danh trở thành sản phẩm xuất khẩu quan trọng của Việt Nam.</p><p>Trong bối cảnh hội nhập kinh tế thế giới, sự cạnh tranh khốc liệt của thương trường không thua kém gì trên chiến trường. Những rủi ro do sự cạnh tranh đó đã làm cho nhiều doanh nghiệp, doanh nhân và người nuôi cá bao phen vất vả, khó khăn thăng trầm. Không ít người đã bị phá sản, vỡ nợ, phải bỏ trốn, thậm chí bị tù đày vì con cá Tra này. Trong số đó, doanh nhân Bửu Huy cũng đã chịu đắng cay khi bị Tòa án Mỹ cáo buộc nhầm lẫn về gian lận tên gọi sản phẩm, để rồi phải bị bắt như một “tù binh” và bị giam giữ 134 ngày trong nhà tù Vương quốc Bỉ.</p><p>Hồi ký nói rõ những sự kiện dẫn đến “cuộc chiến thương mại” mà đỉnh điểm là việc Bộ Thương mại Hoa Kỳ (US.DOC) đã áp thuế chống bán phá giá (CBPG) lên sản phẩm fillet cá Tra vào đầu năm 2003.</p><p>Những hệ lụy của nó tiếp tục kéo dài suốt 20 năm qua (2003 - 2023). Tuy thuế CBPG nay đã trở thành một thứ “thông lệ” của chủ nghĩa bảo hộ, nhưng nó vẫn còn tiếp tục là rào cản thương mại cho các doanh nghiệp cá Tra Việt Nam.</p>','13.5 x 20.5 x 1.5 cm','1','282','12',125000,5,6,11,'2023-12-20 13:52:30','2023-12-20 13:52:30'),(96,'Tài Phiệt Đầu Tiên Của Nước Mỹ: Vanderbilt','upload/product/1703080446248-tai-phiet-dau-tien-cua-nuoc-my-vanderbilt.jpg','Tài Phiệt Đầu Tiên Của Nước Mỹ: Vanderbilt','<p>Cuốn tiểu sử này cung cấp những thông tin sâu rộng về sự nghiệp kinh doanh và cuộc sống cá nhân của Phó đề đốc Vanderbilt — ông trùm doanh nghiệp vĩ đại đầu tiên trong lịch sử Hoa Kỳ và là người sáng lập triều đại Vanderbilt.</p><p>Trong số tất cả các nhà công nghiệp và nhân vật tài chính quan trọng của lịch sử Hoa Kỳ, Vanderbilt có thể coi là người đóng vai trò quan trọng nhất. Tuy nhiên, không giống như Jay Gould, JP Morgan, John D. Rockefeller và Andrew Carnegie, Ngài Phó đề đốc chưa bao giờ có được cho mình một cuốn tiểu sử đầy đủ và chính xác. Cuốn sách của tác giả T.J. Stiles là thành quả của sáu năm nghiên cứu chuyên sâu (trong các kho lưu trữ chưa được khai thác trước đây), được tổng hợp thành một câu chuyện có nhịp độ nhanh về một con người và đất nước cùng nhau vươn lên.</p><p>Từ tuổi thơ có phần khiêm tốn trên Đảo Staten dưới thời Tổng thống George Washington cho đến thời của John D. Rockefeller (người mà Vanderbilt đã thực hiện các giao dịch), cuốn sách kể lại quá trình thăng tiến của Vanderbilt từ người lái thuyền buồm đến doanh nhân tàu hơi nước, từ bậc thầy điều hành các tuyến tàu hơi nước xuyên đại dương đến người xây dựng đế chế đường sắt. Trong quá trình ấy, Stiles mô tả những cuộc phiêu lưu cá nhân của Vanderbilt trong rừng rậm Nicaragua, những chiến dịch hoành tráng của ông ở Phố Wall và cả những âm mưu chia rẽ gia đình ông. Quan trọng nhất, Stiles cho thấy Vanderbilt đã giúp hình thành tư duy của người Mỹ về sự bình đẳng và cơ hội cũng như tạo ra thế giới kinh tế hiện đại như thế nào.</p>','16 x 24 x 4.6 cm','1','884','57',520000,5,6,11,'2023-12-20 13:54:06','2024-01-04 15:01:52'),(97,'10 Bước Cất Cánh Thương Hiệu','upload/product/1703080513305-10-buoc-cat-canh-thuong-hieu.jpg','10 Bước Cất Cánh Thương Hiệu','<p>10 bước xây dựng thương hiệu là cuốn sách đầu tiên và duy nhất trên thị trường về quy trình xây dựng thương hiệu viết riêng cho doanh nghiệp Việt Nam. Không chỉ là sách cẩm nang về thương hiệu mà còn là cuốn sách cầm tay chỉ việc, hướng dẫn thực hành về chiến lược.</p><p>Có thể nói, xây dựng thương hiệu luôn là vấn đề rất khó khăn với doanh nghiệp ở nhiều giai đoạn phát triển. Vì vậy, việc biên tập cuốn sách theo hành trình từng bước “cầm tay chỉ việc”, hướng dẫn cách làm cùng một số ví dụ và biểu mẫu cụ thể, sẽ giúp Doanh nghiệp có được cẩm nang xây dựng thương hiệu rõ ràng, dễ áp dụng và đem lại thành công cho doanh nghiệp.</p><p>Cuốn sách đúc kết mô hình Kim Cương gồm 6 giác cắt chính là Sứ mệnh, Tầm nhìn; Giá trị cốt lõi; Cá nhân hóa; Mô hình và Kiến trúc thương hiệu; Văn hóa thương hiệu; Lịch sử thương hiệu.</p><p><strong>CUỐN SÁCH NÀY DÀNH CHO AI?</strong></p><p>- Người khởi nghiệp, doanh nhân Việt, nhà lãnh đạo doanh nghiệp - những người đang tâm huyết xây dựng những thương hiệu vì cộng đồng, vì sự thịnh vượng chung của dân tộc Việt Nam.</p><p>- Người làm về PR &amp; Marketing</p><p>- Sinh viên, cá nhân quan tâm đến xây dựng thương hiệu</p>','16 x 24 x 2.2 cm','1','419','22',550000,5,6,11,'2023-12-20 13:55:13','2024-01-04 15:01:52');
/*!40000 ALTER TABLE `product` ENABLE KEYS */;
UNLOCK TABLES;

--
-- Table structure for table `publish`
--

DROP TABLE IF EXISTS `publish`;
/*!40101 SET @saved_cs_client     = @@character_set_client */;
/*!50503 SET character_set_client = utf8mb4 */;
CREATE TABLE `publish` (
  `id` int NOT NULL AUTO_INCREMENT,
  `name` varchar(50) NOT NULL,
  `description` varchar(250) DEFAULT NULL,
  `created_at` timestamp NULL DEFAULT CURRENT_TIMESTAMP,
  `updated_at` timestamp NULL DEFAULT CURRENT_TIMESTAMP ON UPDATE CURRENT_TIMESTAMP,
  PRIMARY KEY (`id`)
) ENGINE=InnoDB AUTO_INCREMENT=7 DEFAULT CHARSET=utf8mb4 COLLATE=utf8mb4_0900_ai_ci;
/*!40101 SET character_set_client = @saved_cs_client */;

--
-- Dumping data for table `publish`
--

LOCK TABLES `publish` WRITE;
/*!40000 ALTER TABLE `publish` DISABLE KEYS */;
INSERT INTO `publish` VALUES (1,'Hà Nội','Hà Nội','2023-12-01 01:18:36','2023-12-01 01:18:36'),(2,'Kim Đồng','Kim Đồng','2023-12-01 01:18:44','2023-12-01 01:18:44'),(3,'Hưng Yên','Hưng Yên','2023-12-01 01:18:51','2023-12-01 01:18:51'),(4,'Đà Nẵng','Đà Nẵng','2023-12-01 01:19:07','2023-12-01 01:19:07'),(6,'Tuổi Trẻ','Tuổi Trẻ','2023-12-18 02:04:36','2023-12-18 02:04:36');
/*!40000 ALTER TABLE `publish` ENABLE KEYS */;
UNLOCK TABLES;

--
-- Table structure for table `user`
--

DROP TABLE IF EXISTS `user`;
/*!40101 SET @saved_cs_client     = @@character_set_client */;
/*!50503 SET character_set_client = utf8mb4 */;
CREATE TABLE `user` (
  `id` int NOT NULL AUTO_INCREMENT,
  `name` varchar(50) DEFAULT NULL,
  `email` varchar(100) DEFAULT NULL,
  `password` varchar(100) DEFAULT NULL,
  `contact` varchar(255) DEFAULT NULL,
  `status` varchar(50) DEFAULT NULL,
  `role` varchar(50) DEFAULT NULL,
  `created_at` timestamp NULL DEFAULT CURRENT_TIMESTAMP,
  `updated_at` timestamp NULL DEFAULT CURRENT_TIMESTAMP ON UPDATE CURRENT_TIMESTAMP,
  PRIMARY KEY (`id`),
  UNIQUE KEY `email` (`email`)
) ENGINE=InnoDB AUTO_INCREMENT=17 DEFAULT CHARSET=utf8mb4 COLLATE=utf8mb4_0900_ai_ci;
/*!40101 SET character_set_client = @saved_cs_client */;

--
-- Dumping data for table `user`
--

LOCK TABLES `user` WRITE;
/*!40000 ALTER TABLE `user` DISABLE KEYS */;
INSERT INTO `user` VALUES (6,'Nguyễn Thái Bình','phanviet@gmail.com','$2a$10$sugU2S56awHdsa8Mt9gO8.ZYTX6ZMiGtPKciitx18y9W1RD5Kx6ce','1',NULL,'admin','2023-12-18 15:23:07','2023-12-18 15:23:07'),(7,'Nguyễn Thái Bình','binhnguyen1262002@gmail.com','$2a$10$Sfmf5uVzoy2PcpEEo72OIeqN9VSIUuMuxFkhi/lVCHtBB3FM.OUKq','1','hiện','admin','2023-12-18 15:36:00','2023-12-18 15:36:00'),(9,'Nguyễn Thái Bình','khachhang@gmail.com','$2a$10$.MI3e4zk8SPAbmi4cRME0u.BlYUiaYvMxwXMMDtKAreh4dNDRpYCe','2','hiện','user','2023-12-24 15:25:15','2023-12-24 15:25:15'),(10,'Nguyễn Thái Bình','binhnguyen@gmail.com','$2a$10$QsYKuR0XD4Qhq61Xmqux.ew1Y4hUFa1xHfODpaPfxvPIxPjXMDIEK','2','hiện','user','2023-12-24 15:29:22','2023-12-24 15:29:22'),(15,'Nguyễn Bình','binh123@gmail.com','$2a$10$J3Z9M4TpRlioCC6Lf9yURePZSI9Le5t6Z5UGZIT//cDQuNQYeBqYW','0396356693','user','user','2023-12-26 01:10:19','2023-12-26 01:10:19');
/*!40000 ALTER TABLE `user` ENABLE KEYS */;
UNLOCK TABLES;
/*!40103 SET TIME_ZONE=@OLD_TIME_ZONE */;

/*!40101 SET SQL_MODE=@OLD_SQL_MODE */;
/*!40014 SET FOREIGN_KEY_CHECKS=@OLD_FOREIGN_KEY_CHECKS */;
/*!40014 SET UNIQUE_CHECKS=@OLD_UNIQUE_CHECKS */;
/*!40101 SET CHARACTER_SET_CLIENT=@OLD_CHARACTER_SET_CLIENT */;
/*!40101 SET CHARACTER_SET_RESULTS=@OLD_CHARACTER_SET_RESULTS */;
/*!40101 SET COLLATION_CONNECTION=@OLD_COLLATION_CONNECTION */;
/*!40111 SET SQL_NOTES=@OLD_SQL_NOTES */;

-- Dump completed on 2024-01-06 21:41:10
